province_code,province,lat,lon
01,AZUAY,-3.00911,-79.16218
02,BOLIVAR,-1.59318,-79.10495
03,CAÑAR,-2.54147,-79.01481
04,CARCHI,0.76848,-78.07461
05,COTOPAXI,-0.86060,-78.86180
06,CHIMBORAZO,-1.97411,-78.71838
07,EL ORO,-3.51293,-79.82591
08,ESMERALDAS,0.68448,-79.22517
09,GUAYAS,-2.09753,-79.88880
10,IMBABURA,0.40777,-78.34318
11,LOJA,-4.09030,-79.65635
12,LOS RIOS,-1.34659,-79.49071
13,MANABI,-0.75735,-80.15077
14,MORONA SANTIAGO,-2.56372,-78.00720
15,NAPO,-0.65642,-77.82166
16,PASTAZA,-1.71760,-76.87899
17,PICHINCHA,-0.10917,-78.59219
18,TUNGURAHUA,-1.29479,-78.50743
19,ZAMORA CHINCHIPE,-4.17088,-78.90392
20,GALAPAGOS,-0.54801,-90.89978
21,SUCUMBIOS,-0.01585,-76.58637
22,ORELLANA,-0.78547,-76.37559
23,SANTO DOMINGO DE LOS TSACHILAS,-0.30592,-79.17673
24,SANTA ELENA,-2.13956,-80.57787
90,ZONA NO DELIMITADA,-0.88474,-79.43691
