canton_code,canton,province_code,province,lat,lon
0101,CUENCA,01,AZUAY,-2.86161,-79.21981
0102,GIRON,01,AZUAY,-3.17970,-79.15936
0103,GUALACEO,01,AZUAY,-2.91864,-78.77618
0104,NABON,01,AZUAY,-3.32955,-79.11903
0105,PAUTE,01,AZUAY,-2.75348,-78.74192
0106,PUCARA,01,AZUAY,-3.19243,-79.52740
0107,SAN FERNANDO,01,AZUAY,-3.13284,-79.26806
0108,SANTA ISABEL,01,AZUAY,-3.20222,-79.36359
0109,SIGSIG,01,AZUAY,-3.13008,-78.85416
0110,OÑA,01,AZUAY,-3.48921,-79.13055
0111,CHORDELEG,01,AZUAY,-2.98612,-78.73439
0112,EL PAN,01,AZUAY,-2.85795,-78.65444
0113,SEVILLA DE ORO,01,AZUAY,-2.67803,-78.56275
0114,GUACHAPALA,01,AZUAY,-2.77338,-78.70126
0115,CAMILO PONCE ENRIQUEZ,01,AZUAY,-2.97802,-79.59846
0201,GUARANDA,02,BOLIVAR,-1.41464,-79.04956
0202,CHILLANES,02,BOLIVAR,-2.01141,-79.12110
0203,CHIMBO,02,BOLIVAR,-1.67314,-79.14441
0204,ECHEANDIA,02,BOLIVAR,-1.45538,-79.26289
0205,SAN MIGUEL,02,BOLIVAR,-1.79451,-79.10399
0206,CALUMA,02,BOLIVAR,-1.60799,-79.21867
0207,LAS NAVES,02,BOLIVAR,-1.28682,-79.29257
0301,AZOGUES,03,CAÑAR,-2.62631,-78.74654
0302,BIBLIAN,03,CAÑAR,-2.67229,-78.96581
0303,CAÑAR,03,CAÑAR,-2.50697,-79.05250
0304,LA TRONCAL,03,CAÑAR,-2.44865,-79.38197
0305,EL TAMBO,03,CAÑAR,-2.49134,-78.91881
0306,DELEG,03,CAÑAR,-2.76298,-78.93894
0307,SUSCAL,03,CAÑAR,-2.46402,-79.06653
0401,TULCAN,04,CARCHI,0.90612,-78.14358
0402,BOLIVAR,04,CARCHI,0.47555,-77.92261
0403,ESPEJO,04,CARCHI,0.71238,-78.04040
0404,MIRA,04,CARCHI,0.72225,-78.19929
0405,MONTUFAR,04,CARCHI,0.56705,-77.81526
0406,SAN PEDRO DE HUACA,04,CARCHI,0.61267,-77.71418
0501,LATACUNGA,05,COTOPAXI,-0.79457,-78.58024
0502,LA MANA,05,COTOPAXI,-0.80275,-79.14154
0503,PANGUA,05,COTOPAXI,-1.10067,-79.15490
0504,PUJILI,05,COTOPAXI,-0.99173,-78.90050
0505,SALCEDO,05,COTOPAXI,-1.06149,-78.61781
0506,SAQUISILI,05,COTOPAXI,-0.82441,-78.74313
0507,SIGCHOS,05,COTOPAXI,-0.63583,-78.92669
0601,RIOBAMBA,06,CHIMBORAZO,-1.71977,-78.63485
0602,ALAUSI,06,CHIMBORAZO,-2.29553,-78.74185
0603,COLTA,06,CHIMBORAZO,-1.81575,-78.84384
0604,CHAMBO,06,CHIMBORAZO,-1.75068,-78.53895
0605,CHUNCHI,06,CHIMBORAZO,-2.33471,-78.90563
0606,GUAMOTE,06,CHIMBORAZO,-2.03866,-78.63856
0607,GUANO,06,CHIMBORAZO,-1.54396,-78.66177
0608,PALLATANGA,06,CHIMBORAZO,-2.01711,-78.93018
0609,PENIPE,06,CHIMBORAZO,-1.56637,-78.44986
0610,CUMANDA,06,CHIMBORAZO,-2.21390,-79.08070
0701,MACHALA,07,EL ORO,-3.32092,-79.94438
0702,ARENILLAS,07,EL ORO,-3.59982,-80.08954
0703,ATAHUALPA,07,EL ORO,-3.55312,-79.71684
0704,BALSAS,07,EL ORO,-3.76843,-79.83753
0705,CHILLA,07,EL ORO,-3.44145,-79.62766
0706,EL GUABO,07,EL ORO,-3.16920,-79.78866
0707,HUAQUILLAS,07,EL ORO,-3.46089,-80.18590
0708,MARCABELI,07,EL ORO,-3.78008,-79.93215
0709,PASAJE,07,EL ORO,-3.32869,-79.73459
0710,PIÑAS,07,EL ORO,-3.70319,-79.78085
0711,PORTOVELO,07,EL ORO,-3.74110,-79.50292
0712,SANTA ROSA,07,EL ORO,-3.45291,-79.97174
0713,ZARUMA,07,EL ORO,-3.54517,-79.51995
0714,LAS LAJAS,07,EL ORO,-3.80377,-80.06826
0801,ESMERALDAS,08,ESMERALDAS,0.79568,-79.62616
0802,ELOY ALFARO,08,ESMERALDAS,0.74981,-78.95080
0803,MUISNE,08,ESMERALDAS,0.53453,-79.93389
0804,QUININDE,08,ESMERALDAS,0.36213,-79.43895
0805,SAN LORENZO,08,ESMERALDAS,0.99553,-78.68026
0806,ATACAMES,08,ESMERALDAS,0.78815,-79.85960
0807,RIOVERDE,08,ESMERALDAS,0.85264,-79.34067
0808,LA CONCORDIA,08,ESMERALDAS,-0.04818,-79.44111
0901,GUAYAQUIL,09,GUAYAS,-2.49170,-80.09367
0902,ALFREDO BAQUERIZO MORENO,09,GUAYAS,-1.94674,-79.54725
0903,BALAO,09,GUAYAS,-2.89256,-79.73414
0904,BALZAR,09,GUAYAS,-1.29026,-79.90732
0905,COLIMES,09,GUAYAS,-1.53109,-80.08764
0906,DAULE,09,GUAYAS,-1.90077,-79.94335
0907,DURAN,09,GUAYAS,-2.23019,-79.78215
0908,EMPALME,09,GUAYAS,-0.98784,-79.66000
0909,EL TRIUNFO,09,GUAYAS,-2.29488,-79.35966
0910,MILAGRO,09,GUAYAS,-2.11807,-79.56043
0911,NARANJAL,09,GUAYAS,-2.54115,-79.63097
0912,NARANJITO,09,GUAYAS,-2.15415,-79.39804
0913,PALESTINA,09,GUAYAS,-1.63676,-79.91941
0914,PEDRO CARBO,09,GUAYAS,-1.85102,-80.28903
0916,SAMBORONDON,09,GUAYAS,-1.98298,-79.78307
0918,SANTA LUCIA,09,GUAYAS,-1.71452,-80.03511
0919,SALITRE,09,GUAYAS,-1.80499,-79.80269
0920,SAN JACINTO DE YAGUACHI,09,GUAYAS,-2.14372,-79.67949
0921,PLAYAS,09,GUAYAS,-2.55689,-80.43818
0922,SIMON BOLIVAR,09,GUAYAS,-2.03744,-79.40780
0923,CRNEL. MARCELINO MARIDUEÑA,09,GUAYAS,-2.23934,-79.38238
0924,LOMAS DE SARGENTILLO,09,GUAYAS,-1.85073,-80.08043
0925,NOBOL,09,GUAYAS,-1.96575,-80.04937
0927,GNRAL. ANTONIO ELIZALDE,09,GUAYAS,-2.15631,-79.20225
0928,ISIDRO AYORA,09,GUAYAS,-1.96233,-80.16248
1001,IBARRA,10,IMBABURA,0.50869,-78.17698
1002,ANTONIO ANTE,10,IMBABURA,0.33354,-78.19985
1003,COTACACHI,10,IMBABURA,0.35724,-78.58378
1004,OTAVALO,10,IMBABURA,0.22746,-78.32330
1005,PIMAMPIRO,10,IMBABURA,0.28853,-77.93424
1006,SAN MIGUEL DE URCUQUI,10,IMBABURA,0.56687,-78.31653
1101,LOJA,11,LOJA,-4.06423,-79.25160
1102,CALVAS,11,LOJA,-4.33725,-79.60375
1103,CATAMAYO,11,LOJA,-3.98537,-79.39464
1104,CELICA,11,LOJA,-4.16756,-80.02924
1105,CHAGUARPAMBA,11,LOJA,-3.85316,-79.67048
1106,ESPINDOLA,11,LOJA,-4.54683,-79.41131
1107,GONZANAMA,11,LOJA,-4.15954,-79.45600
1108,MACARA,11,LOJA,-4.32947,-79.92226
1109,PALTAS,11,LOJA,-4.01311,-79.75909
1110,PUYANGO,11,LOJA,-3.97456,-80.07239
1111,SARAGURO,11,LOJA,-3.53745,-79.30835
1112,SOZORANGA,11,LOJA,-4.28177,-79.78221
1113,ZAPOTILLO,11,LOJA,-4.22336,-80.32408
1114,PINDAL,11,LOJA,-4.09314,-80.13134
1115,QUILANGA,11,LOJA,-4.34323,-79.38326
1116,OLMEDO,11,LOJA,-3.93657,-79.59712
1201,BABAHOYO,12,LOS RIOS,-1.83904,-79.43260
1202,BABA,12,LOS RIOS,-1.68118,-79.66112
1203,MONTALVO,12,LOS RIOS,-1.80491,-79.31722
1204,PUEBLOVIEJO,12,LOS RIOS,-1.55013,-79.54520
1205,QUEVEDO,12,LOS RIOS,-1.04501,-79.45717
1206,URDANETA,12,LOS RIOS,-1.56638,-79.38880
1207,VENTANAS,12,LOS RIOS,-1.37297,-79.41435
1208,VINCES,12,LOS RIOS,-1.52539,-79.73317
1209,PALENQUE,12,LOS RIOS,-1.33423,-79.71523
1210,BUENA FE,12,LOS RIOS,-0.72121,-79.48146
1211,VALENCIA,12,LOS RIOS,-0.77749,-79.30669
1212,MOCACHE,12,LOS RIOS,-1.18961,-79.54989
1213,QUINSALOMA,12,LOS RIOS,-1.14006,-79.35651
1301,PORTOVIEJO,13,MANABI,-1.04099,-80.36481
1302,BOLIVAR,13,MANABI,-0.90956,-80.03384
1303,CHONE,13,MANABI,-0.46450,-79.95553
1304,EL CARMEN,13,MANABI,-0.34299,-79.56304
1305,FLAVIO ALFARO,13,MANABI,-0.32502,-79.81737
1306,JIPIJAPA,13,MANABI,-1.44557,-80.59101
1307,JUNIN,13,MANABI,-0.94180,-80.19531
1308,MANTA,13,MANABI,-1.02696,-80.80345
1309,MONTECRISTI,13,MANABI,-1.12797,-80.69943
1310,PAJAN,13,MANABI,-1.66192,-80.39804
1311,PICHINCHA,13,MANABI,-0.88752,-79.84277
1312,ROCAFUERTE,13,MANABI,-0.90568,-80.40587
1313,SANTA ANA,13,MANABI,-1.19612,-80.21248
1314,SUCRE,13,MANABI,-0.58758,-80.33572
1315,TOSAGUA,13,MANABI,-0.77968,-80.27124
1316,24 DE MAYO,13,MANABI,-1.38322,-80.37494
1317,PEDERNALES,13,MANABI,0.09564,-79.89310
1318,OLMEDO,13,MANABI,-1.36159,-80.21384
1319,PUERTO LOPEZ,13,MANABI,-1.56351,-80.75118
1320,JAMA,13,MANABI,-0.22106,-80.23046
1321,JARAMIJO,13,MANABI,-0.97533,-80.60433
1322,SAN VICENTE,13,MANABI,-0.47727,-80.35926
1401,MORONA,14,MORONA SANTIAGO,-2.34277,-78.06210
1402,GUALAQUIZA,14,MORONA SANTIAGO,-3.36472,-78.65266
1403,LIMON INDANZA,14,MORONA SANTIAGO,-3.03866,-78.34789
1404,PALORA,14,MORONA SANTIAGO,-1.67159,-78.11318
1405,SANTIAGO,14,MORONA SANTIAGO,-2.73712,-78.36570
1406,SUCUA,14,MORONA SANTIAGO,-2.48581,-78.21155
1407,HUAMBOYA,14,MORONA SANTIAGO,-1.98434,-77.95661
1408,SAN JUAN BOSCO,14,MORONA SANTIAGO,-3.25679,-78.37594
1409,TAISHA,14,MORONA SANTIAGO,-2.47569,-77.39145
1410,LOGROÐO,14,MORONA SANTIAGO,-2.76728,-78.04153
1411,PABLO SEXTO,14,MORONA SANTIAGO,-1.85849,-78.27579
1412,TIWINTZA,14,MORONA SANTIAGO,-2.96957,-77.91147
1501,TENA,15,NAPO,-0.98093,-77.79108
1503,ARCHIDONA,15,NAPO,-0.71906,-77.93347
1504,EL CHACO,15,NAPO,-0.25098,-77.67258
1507,QUIJOS,15,NAPO,-0.46910,-77.97471
1509,CARLOS JULIO AROSEMENA TOLA,15,NAPO,-1.16401,-77.93996
1601,PASTAZA,16,PASTAZA,-1.89755,-76.88344
1602,MERA,16,PASTAZA,-1.41517,-78.04863
1603,SANTA CLARA,16,PASTAZA,-1.27368,-77.86440
1604,ARAJUNO,16,PASTAZA,-1.34672,-76.76394
1701,QUITO,17,PICHINCHA,-0.10386,-78.51909
1702,CAYAMBE,17,PICHINCHA,-0.00393,-78.07455
1703,MEJIA,17,PICHINCHA,-0.49188,-78.62955
1704,PEDRO MONCAYO,17,PICHINCHA,0.05299,-78.27656
1705,RUMIÐAHUI,17,PICHINCHA,-0.40120,-78.44314
1707,SAN MIGUEL DE LOS BANCOS,17,PICHINCHA,-0.03814,-78.89345
1708,PEDRO VICENTE MALDONADO,17,PICHINCHA,0.14903,-79.05797
1709,PUERTO QUITO,17,PICHINCHA,0.15581,-79.23928
1801,AMBATO,18,TUNGURAHUA,-1.27857,-78.74977
1802,BAÑOS DE AGUA SANTA,18,TUNGURAHUA,-1.33676,-78.27345
1803,CEVALLOS,18,TUNGURAHUA,-1.35031,-78.61251
1804,MOCHA,18,TUNGURAHUA,-1.41715,-78.69341
1805,PATATE,18,TUNGURAHUA,-1.27149,-78.42493
1806,QUERO,18,TUNGURAHUA,-1.44612,-78.61998
1807,SAN PEDRO DE PELILEO,18,TUNGURAHUA,-1.36132,-78.53184
1808,SANTIAGO DE PILLARO,18,TUNGURAHUA,-1.12413,-78.45243
1809,TISALEO,18,TUNGURAHUA,-1.36642,-78.67994
1901,ZAMORA,19,ZAMORA CHINCHIPE,-4.01273,-78.98275
1902,CHINCHIPE,19,ZAMORA CHINCHIPE,-4.84824,-79.16339
1903,NANGARITZA,19,ZAMORA CHINCHIPE,-4.34290,-78.76255
1904,YACUAMBI,19,ZAMORA CHINCHIPE,-3.60751,-78.96685
1905,YANTZAZA,19,ZAMORA CHINCHIPE,-3.74718,-78.66454
1906,EL PANGUI,19,ZAMORA CHINCHIPE,-3.62276,-78.53557
1907,CENTINELA DEL CONDOR,19,ZAMORA CHINCHIPE,-3.93535,-78.74916
1908,PALANDA,19,ZAMORA CHINCHIPE,-4.56918,-79.09357
1909,PAQUISHA,19,ZAMORA CHINCHIPE,-3.94446,-78.59560
2001,SAN CRISTOBAL,20,GALAPAGOS,-0.94366,-89.68411
2002,ISABELA,20,GALAPAGOS,-0.53788,-91.22350
2003,SANTA CRUZ,20,GALAPAGOS,-0.39751,-90.49617
2101,LAGO AGRIO,21,SUCUMBIOS,0.10993,-76.77677
2102,GONZALO PIZARRO,21,SUCUMBIOS,0.08185,-77.58723
2103,PUTUMAYO,21,SUCUMBIOS,0.07885,-76.01105
2104,SHUSHUFINDI,21,SUCUMBIOS,-0.31740,-76.41215
2105,SUCUMBIOS,21,SUCUMBIOS,0.40226,-77.62304
2106,CASCALES,21,SUCUMBIOS,0.14574,-77.23293
2107,CUYABENO,21,SUCUMBIOS,-0.27956,-75.87970
2201,ORELLANA,22,ORELLANA,-0.65448,-76.77261
2202,AGUARICO,22,ORELLANA,-0.94958,-75.88207
2203,LA JOYA DE LOS SACHAS,22,ORELLANA,-0.28010,-76.89167
2204,LORETO,22,ORELLANA,-0.64334,-77.35240
2301,SANTO DOMINGO,23,SANTO DOMINGO DE LOS TSACHILAS,-0.30594,-79.17672
2401,SANTA ELENA,24,SANTA ELENA,-2.13651,-80.56910
2402,LA LIBERTAD,24,SANTA ELENA,-2.23948,-80.89492
2403,SALINAS,24,SANTA ELENA,-2.25964,-80.92010
9001,LAS GOLONDRINAS,90,ZONA NO DELIMITADA,0.31861,-79.07295
9003,MANGA DEL CURA,90,ZONA NO DELIMITADA,-0.67983,-79.59222
9004,EL PIEDRERO,90,ZONA NO DELIMITADA,-2.37463,-79.26730
