parish_code,parish,canton_code,canton,province_code,province,lat,lon
010150,CUENCA,0101,CUENCA,01,AZUAY,-2.88752,-79.00028
010151,BAÑOS,0101,CUENCA,01,AZUAY,-2.98304,-79.22524
010152,CUMBE,0101,CUENCA,01,AZUAY,-3.09875,-79.01839
010153,CHAUCHA,0101,CUENCA,01,AZUAY,-2.92979,-79.39128
010154,CHECA (JIDCAY),0101,CUENCA,01,AZUAY,-2.73424,-79.02529
010155,CHIQUINTAD,0101,CUENCA,01,AZUAY,-2.76893,-79.05683
010156,LLACAO,0101,CUENCA,01,AZUAY,-2.84176,-78.92776
010157,MOLLETURO,0101,CUENCA,01,AZUAY,-2.71766,-79.39729
010158,NULTI,0101,CUENCA,01,AZUAY,-2.86363,-78.88965
010159,OCTAVIO CORDERO PALACIOS (STA. ROSA),0101,CUENCA,01,AZUAY,-2.77503,-78.97098
010160,PACCHA,0101,CUENCA,01,AZUAY,-2.89833,-78.92984
010161,QUINGEO,0101,CUENCA,01,AZUAY,-3.05554,-78.94161
010162,RICAURTE,0101,CUENCA,01,AZUAY,-2.85633,-78.96312
010163,SAN JOAQUIN,0101,CUENCA,01,AZUAY,-2.89811,-79.18840
010164,SANTA ANA,0101,CUENCA,01,AZUAY,-2.96581,-78.91289
010165,SAYAUSI,0101,CUENCA,01,AZUAY,-2.80093,-79.17016
010166,SIDCAY,0101,CUENCA,01,AZUAY,-2.81608,-78.96808
010167,SININCAY,0101,CUENCA,01,AZUAY,-2.85058,-79.01731
010168,TARQUI,0101,CUENCA,01,AZUAY,-3.00354,-79.04400
010169,TURI,0101,CUENCA,01,AZUAY,-2.94627,-79.02082
010170,VALLE,0101,CUENCA,01,AZUAY,-2.94483,-78.96630
010171,VICTORIA DEL PORTETE (IRQUIS),0101,CUENCA,01,AZUAY,-3.06932,-79.12049
010250,GIRON,0102,GIRON,01,AZUAY,-3.17875,-79.12748
010251,ASUNCION,0102,GIRON,01,AZUAY,-3.23144,-79.24469
010252,SAN GERARDO,0102,GIRON,01,AZUAY,-3.12695,-79.20992
010350,GUALACEO,0103,GUALACEO,01,AZUAY,-2.89465,-78.79903
010352,DANIEL CORDOVA TORAL (EL ORIENTE),0103,GUALACEO,01,AZUAY,-2.87519,-78.71851
010353,JADAN,0103,GUALACEO,01,AZUAY,-2.89504,-78.85152
010354,MARIANO MORENO,0103,GUALACEO,01,AZUAY,-2.84290,-78.72828
010356,REMIGIO CRESPO TORAL (GULAG),0103,GUALACEO,01,AZUAY,-2.93420,-78.73258
010357,SAN JUAN,0103,GUALACEO,01,AZUAY,-2.96153,-78.82454
010358,ZHIDMAD,0103,GUALACEO,01,AZUAY,-2.94571,-78.88136
010359,LUIS CORDERO VEGA,0103,GUALACEO,01,AZUAY,-2.94318,-78.68694
010360,SIMON BOLIVAR (CAB. EN GAÑANZOL),0103,GUALACEO,01,AZUAY,-2.97437,-78.79009
010450,NABON,0104,NABON,01,AZUAY,-3.28461,-79.04250
010451,COCHAPATA,0104,NABON,01,AZUAY,-3.38295,-79.06570
010452,EL PROGRESO (CAB. EN ZHOTA),0104,NABON,01,AZUAY,-3.37246,-79.24581
010453,LAS NIEVES (CHAYA),0104,NABON,01,AZUAY,-3.30688,-79.15166
010550,PAUTE,0105,PAUTE,01,AZUAY,-2.78632,-78.78146
010552,BULAN (JOSE VICTOR IZQUIERDO),0105,PAUTE,01,AZUAY,-2.71561,-78.77161
010553,CHICAN (GUILLERMO ORTEGA),0105,PAUTE,01,AZUAY,-2.81364,-78.74995
010554,EL CABO,0105,PAUTE,01,AZUAY,-2.84335,-78.79800
010556,GUARAINAG,0105,PAUTE,01,AZUAY,-2.67660,-78.64421
010559,SAN CRISTOBAL (CARLOS ORDOÑEZ LAZO),0105,PAUTE,01,AZUAY,-2.83560,-78.84767
010561,TOMEBAMBA,0105,PAUTE,01,AZUAY,-2.71798,-78.68270
010562,DUG DUG,0105,PAUTE,01,AZUAY,-2.72327,-78.72576
010650,PUCARA,0106,PUCARA,01,AZUAY,-3.18182,-79.52568
010652,SAN RAFAEL DE SHARUG,0106,PUCARA,01,AZUAY,-3.27218,-79.54005
010750,SAN FERNANDO,0107,SAN FERNANDO,01,AZUAY,-3.14063,-79.27266
010751,CHUMBLIN,0107,SAN FERNANDO,01,AZUAY,-3.09451,-79.24533
010850,SANTA ISABEL (CHAGUARURCO),0108,SANTA ISABEL,01,AZUAY,-3.29705,-79.35676
010851,ABDON CALDERON (LA UNION),0108,SANTA ISABEL,01,AZUAY,-3.25845,-79.27252
010853,ZHAGLLI (SHAGLLI ),0108,SANTA ISABEL,01,AZUAY,-3.10640,-79.39141
010854,SAN SALVADOR DE CAÑARIBAMBA,0108,SANTA ISABEL,01,AZUAY,-3.22837,-79.35974
010950,SIGSIG,0109,SIGSIG,01,AZUAY,-3.06570,-78.75914
010951,CUCHIL (CUTCHIL),0109,SIGSIG,01,AZUAY,-3.14444,-78.81158
010952,GIMA,0109,SIGSIG,01,AZUAY,-3.20961,-78.93348
010953,GUEL,0109,SIGSIG,01,AZUAY,-3.02564,-78.76320
010954,LUDO,0109,SIGSIG,01,AZUAY,-3.09407,-78.88265
010955,SAN BARTOLOME,0109,SIGSIG,01,AZUAY,-3.01386,-78.84911
010956,SAN JOSE DE RARANGA,0109,SIGSIG,01,AZUAY,-3.13866,-78.94011
011050,SAN FELIPE DE OÑA,0110,OÑA,01,AZUAY,-3.51215,-79.10637
011051,SUSUDEL,0110,OÑA,01,AZUAY,-3.41903,-79.20391
011150,CHORDELEG,0111,CHORDELEG,01,AZUAY,-2.94116,-78.77637
011151,PRINCIPAL,0111,CHORDELEG,01,AZUAY,-3.02420,-78.71720
011152,LA UNION,0111,CHORDELEG,01,AZUAY,-2.94455,-78.75150
011153,LUIS GALARZA ORELLANA (CAB. EN DELEGSOL),0111,CHORDELEG,01,AZUAY,-2.99772,-78.71285
011154,SAN MARTIN DE PUZHIO,0111,CHORDELEG,01,AZUAY,-2.97803,-78.74758
011250,EL PAN,0112,EL PAN,01,AZUAY,-2.78019,-78.67018
011253,SAN VICENTE,0112,EL PAN,01,AZUAY,-2.86944,-78.65230
011350,SEVILLA DE ORO,0113,SEVILLA DE ORO,01,AZUAY,-2.79624,-78.62355
011351,AMALUZA,0113,SEVILLA DE ORO,01,AZUAY,-2.62811,-78.52525
011352,PALMAS,0113,SEVILLA DE ORO,01,AZUAY,-2.69861,-78.60355
011450,GUACHAPALA,0114,GUACHAPALA,01,AZUAY,-2.77338,-78.70126
011550,CAMILO PONCE ENRIQUEZ,0115,CAMILO PONCE ENRIQUEZ,01,AZUAY,-3.05131,-79.65417
011551,EL CARMEN DE PIJILI,0115,CAMILO PONCE ENRIQUEZ,01,AZUAY,-2.92479,-79.55812
020150,GUARANDA,0201,GUARANDA,02,BOLIVAR,-1.51013,-79.01395
020151,FACUNDO VELA,0201,GUARANDA,02,BOLIVAR,-1.21040,-79.12548
020153,JULIO E. MORENO (CATANAHUAN GRANDE),0201,GUARANDA,02,BOLIVAR,-1.57448,-79.09277
020155,SALINAS,0201,GUARANDA,02,BOLIVAR,-1.37958,-79.10777
020156,SAN LORENZO,0201,GUARANDA,02,BOLIVAR,-1.68638,-78.92931
020157,SAN SIMON (YACOTO),0201,GUARANDA,02,BOLIVAR,-1.63534,-78.92380
020158,SANTA FE (SANTA FE),0201,GUARANDA,02,BOLIVAR,-1.61428,-79.03405
020159,SIMIATUG,0201,GUARANDA,02,BOLIVAR,-1.27218,-78.98133
020160,SAN LUIS DE PAMBIL,0201,GUARANDA,02,BOLIVAR,-1.24527,-79.21471
020250,CHILLANES,0202,CHILLANES,02,BOLIVAR,-2.00671,-79.08362
020251,SAN JOSE DEL TAMBO (TAMBOPAMBA),0202,CHILLANES,02,BOLIVAR,-2.01970,-79.18762
020350,SAN JOSE DE CHIMBO,0203,CHIMBO,02,BOLIVAR,-1.66384,-79.01937
020351,ASUNCION (ASANCOTO),0203,CHIMBO,02,BOLIVAR,-1.64009,-79.06002
020353,MAGDALENA (CHAPACOTO),0203,CHIMBO,02,BOLIVAR,-1.67223,-79.09303
020354,SAN SEBASTIAN,0203,CHIMBO,02,BOLIVAR,-1.68686,-79.05164
020355,TELIMBELA,0203,CHIMBO,02,BOLIVAR,-1.68008,-79.19448
020450,ECHEANDIA,0204,ECHEANDIA,02,BOLIVAR,-1.45538,-79.26289
020550,SAN MIGUEL,0205,SAN MIGUEL,02,BOLIVAR,-1.76709,-79.04318
020551,BALSAPAMBA,0205,SAN MIGUEL,02,BOLIVAR,-1.75741,-79.15204
020552,BILOVAN,0205,SAN MIGUEL,02,BOLIVAR,-1.82628,-79.16176
020553,REGULO DE MORA,0205,SAN MIGUEL,02,BOLIVAR,-1.88416,-79.20238
020554,SAN PABLO (SAN PABLO DE ATENAS),0205,SAN MIGUEL,02,BOLIVAR,-1.81506,-79.06984
020555,SANTIAGO,0205,SAN MIGUEL,02,BOLIVAR,-1.72700,-78.94411
020556,SAN VICENTE,0205,SAN MIGUEL,02,BOLIVAR,-1.74073,-78.99304
020650,CALUMA,0206,CALUMA,02,BOLIVAR,-1.60799,-79.21867
020750,LAS NAVES,0207,LAS NAVES,02,BOLIVAR,-1.28682,-79.29257
030150,AZOGUES,0301,AZOGUES,03,CAÑAR,-2.71691,-78.82333
030151,COJITAMBO,0301,AZOGUES,03,CAÑAR,-2.75668,-78.88365
030153,GUAPAN,0301,AZOGUES,03,CAÑAR,-2.67247,-78.84389
030154,JAVIER LOYOLA (CHUQUIPATA),0301,AZOGUES,03,CAÑAR,-2.80725,-78.88980
030155,LUIS CORDERO,0301,AZOGUES,03,CAÑAR,-2.74415,-78.81348
030156,PINDILIG,0301,AZOGUES,03,CAÑAR,-2.60387,-78.71781
030157,RIVERA,0301,AZOGUES,03,CAÑAR,-2.52478,-78.67789
030158,SAN MIGUEL,0301,AZOGUES,03,CAÑAR,-2.79899,-78.83978
030160,TADAY,0301,AZOGUES,03,CAÑAR,-2.65796,-78.70752
030250,BIBLIAN,0302,BIBLIAN,03,CAÑAR,-2.66559,-78.90820
030251,NAZON (CAB. EN PAMPA DE DOMINGUEZ),0302,BIBLIAN,03,CAÑAR,-2.68573,-79.01280
030252,SAN FRANCISCO DE SAGEO,0302,BIBLIAN,03,CAÑAR,-2.71268,-78.87497
030253,TURUPAMBA,0302,BIBLIAN,03,CAÑAR,-2.72805,-78.91003
030254,JERUSALEN,0302,BIBLIAN,03,CAÑAR,-2.65348,-78.97140
030350,CAÑAR,0303,CAÑAR,03,CAÑAR,-2.54433,-78.98443
030351,CHONTAMARCA,0303,CAÑAR,03,CAÑAR,-2.39190,-79.15264
030352,CHOROCOPTE,0303,CAÑAR,03,CAÑAR,-2.59428,-78.96538
030353,GENERAL MORALES (SOCARTE),0303,CAÑAR,03,CAÑAR,-2.36715,-79.04956
030354,GUALLETURO,0303,CAÑAR,03,CAÑAR,-2.58381,-79.09566
030355,HONORATO VASQUEZ (TAMBO VIEJO),0303,CAÑAR,03,CAÑAR,-2.60204,-78.87269
030356,INGAPIRCA,0303,CAÑAR,03,CAÑAR,-2.51871,-78.82009
030357,JUNCAL,0303,CAÑAR,03,CAÑAR,-2.43451,-78.89006
030358,SAN ANTONIO,0303,CAÑAR,03,CAÑAR,-2.59509,-79.22644
030361,ZHUD,0303,CAÑAR,03,CAÑAR,-2.45052,-78.98806
030362,VENTURA,0303,CAÑAR,03,CAÑAR,-2.28202,-79.12957
030363,DUCUR,0303,CAÑAR,03,CAÑAR,-2.46688,-79.17437
030450,LA TRONCAL,0304,LA TRONCAL,03,CAÑAR,-2.43923,-79.32561
030451,MANUEL J. CALLE,0304,LA TRONCAL,03,CAÑAR,-2.37834,-79.40366
030452,PANCHO NEGRO,0304,LA TRONCAL,03,CAÑAR,-2.47207,-79.41954
030550,EL TAMBO,0305,EL TAMBO,03,CAÑAR,-2.49134,-78.91881
030650,DELEG,0306,DELEG,03,CAÑAR,-2.75133,-78.94070
030651,SOLANO,0306,DELEG,03,CAÑAR,-2.80907,-78.93228
030750,SUSCAL,0307,SUSCAL,03,CAÑAR,-2.46402,-79.06653
040150,TULCAN,0401,TULCAN,04,CARCHI,0.77344,-77.76158
040151,EL CARMELO (EL PUN),0401,TULCAN,04,CARCHI,0.66245,-77.61409
040153,JULIO ANDRADE (OREJUELA),0401,TULCAN,04,CARCHI,0.69264,-77.71080
040154,MALDONADO,0401,TULCAN,04,CARCHI,0.82943,-78.03618
040155,PIOTER,0401,TULCAN,04,CARCHI,0.65086,-77.78279
040156,TOBAR DONOSO (LA BOCANA DE CAMUMBI),0401,TULCAN,04,CARCHI,1.01818,-78.42722
040157,TUFIÑO,0401,TULCAN,04,CARCHI,0.76306,-77.86909
040158,URBINA (TAYA),0401,TULCAN,04,CARCHI,0.77950,-77.70211
040159,EL CHICAL,0401,TULCAN,04,CARCHI,0.99633,-78.26152
040161,SANTA MARTHA DE CUBA,0401,TULCAN,04,CARCHI,0.64786,-77.76237
040250,BOLIVAR,0402,BOLIVAR,04,CARCHI,0.49332,-77.89233
040251,GARCIA MORENO,0402,BOLIVAR,04,CARCHI,0.54594,-77.96646
040252,LOS ANDES,0402,BOLIVAR,04,CARCHI,0.48249,-77.95742
040253,MONTE OLIVO,0402,BOLIVAR,04,CARCHI,0.39692,-77.84321
040254,SAN VICENTE DE PUSIR,0402,BOLIVAR,04,CARCHI,0.49384,-78.02204
040255,SAN RAFAEL,0402,BOLIVAR,04,CARCHI,0.42747,-77.90802
040350,EL ANGEL,0403,ESPEJO,04,CARCHI,0.64298,-77.97182
040351,EL GOALTAL,0403,ESPEJO,04,CARCHI,0.76953,-78.13158
040352,LA LIBERTAD (ALIZO),0403,ESPEJO,04,CARCHI,0.70514,-77.95940
040353,SAN ISIDRO,0403,ESPEJO,04,CARCHI,0.60482,-78.00014
040450,MIRA (CHONTAHUASI),0404,MIRA,04,CARCHI,0.55687,-78.05169
040451,CONCEPCION,0404,MIRA,04,CARCHI,0.65710,-78.11161
040452,JIJON Y CAAMAÑO (CAB. EN RIO BLANCO),0404,MIRA,04,CARCHI,0.84495,-78.31635
040453,JUAN MONTALVO (SAN IGNACIO DE QUIL),0404,MIRA,04,CARCHI,0.56161,-78.10060
040550,SAN GABRIEL,0405,MONTUFAR,04,CARCHI,0.57261,-77.82057
040551,CRISTOBAL COLON,0405,MONTUFAR,04,CARCHI,0.61202,-77.80695
040552,CHITAN DE NAVARRETE,0405,MONTUFAR,04,CARCHI,0.65536,-77.80777
040553,FERNANDEZ SALVADOR,0405,MONTUFAR,04,CARCHI,0.57180,-77.72612
040554,LA PAZ,0405,MONTUFAR,04,CARCHI,0.51882,-77.84827
040555,PIARTAL,0405,MONTUFAR,04,CARCHI,0.55136,-77.75397
040650,HUACA,0406,SAN PEDRO DE HUACA,04,CARCHI,0.63110,-77.72476
040651,MARISCAL SUCRE,0406,SAN PEDRO DE HUACA,04,CARCHI,0.59265,-77.70317
050150,LATACUNGA,0501,LATACUNGA,05,COTOPAXI,-0.92435,-78.54369
050151,ALAQUES (ALAQUEZ),0501,LATACUNGA,05,COTOPAXI,-0.85052,-78.49481
050152,BELISARIO QUEVEDO (GUANAILIN),0501,LATACUNGA,05,COTOPAXI,-0.97527,-78.55914
050153,GUAITACAMA (GUAYTACAMA),0501,LATACUNGA,05,COTOPAXI,-0.82982,-78.64125
050154,JOSEGUANGO BAJO,0501,LATACUNGA,05,COTOPAXI,-0.82258,-78.60195
050156,MULALO,0501,LATACUNGA,05,COTOPAXI,-0.73115,-78.51024
050157,11 DE NOVIEMBRE (ILINCHISI),0501,LATACUNGA,05,COTOPAXI,-0.91700,-78.66744
050158,POALO,0501,LATACUNGA,05,COTOPAXI,-0.88411,-78.71220
050159,SAN JUAN DE PASTOCALLE,0501,LATACUNGA,05,COTOPAXI,-0.68105,-78.63572
050161,TANICUCHI,0501,LATACUNGA,05,COTOPAXI,-0.76414,-78.64618
050162,TOACASO,0501,LATACUNGA,05,COTOPAXI,-0.71469,-78.75736
050250,LA MANA,0502,LA MANA,05,COTOPAXI,-0.92655,-79.22976
050251,GUASAGANDA (CAB. EN GUASAGANDA CENTRO),0502,LA MANA,05,COTOPAXI,-0.78853,-79.10356
050252,PUCAYACU,0502,LA MANA,05,COTOPAXI,-0.66437,-79.08131
050350,EL CORAZON,0503,PANGUA,05,COTOPAXI,-1.14369,-79.03243
050351,MORASPUNGO,0503,PANGUA,05,COTOPAXI,-1.08641,-79.22437
050352,PINLLOPATA,0503,PANGUA,05,COTOPAXI,-1.14681,-79.00252
050353,RAMON CAMPAÑA,0503,PANGUA,05,COTOPAXI,-1.07674,-79.09097
050450,PUJILI,0504,PUJILI,05,COTOPAXI,-0.99143,-78.72281
050451,ANGAMARCA,0504,PUJILI,05,COTOPAXI,-1.11473,-78.90454
050453,GUANGAJE,0504,PUJILI,05,COTOPAXI,-0.89950,-78.84183
050455,LA VICTORIA,0504,PUJILI,05,COTOPAXI,-0.91252,-78.69971
050456,PILALO,0504,PUJILI,05,COTOPAXI,-0.99537,-79.00050
050457,TINGO,0504,PUJILI,05,COTOPAXI,-0.92524,-79.09695
050458,ZUMBAHUA,0504,PUJILI,05,COTOPAXI,-0.95698,-78.89646
050550,SAN MIGUEL,0505,SALCEDO,05,COTOPAXI,-1.02642,-78.50079
050551,ANTONIO JOSE HOLGUIN (SANTA LUCIA),0505,SALCEDO,05,COTOPAXI,-1.09708,-78.60004
050552,CUSUBAMBA,0505,SALCEDO,05,COTOPAXI,-1.09215,-78.74724
050553,MULALILLO,0505,SALCEDO,05,COTOPAXI,-1.10387,-78.63815
050554,MULLIQUINDIL (SANTA ANA),0505,SALCEDO,05,COTOPAXI,-1.01668,-78.53743
050555,PANSALEO,0505,SALCEDO,05,COTOPAXI,-1.09305,-78.58249
050650,SAQUISILI,0506,SAQUISILI,05,COTOPAXI,-0.83780,-78.69663
050651,CANCHAGUA,0506,SAQUISILI,05,COTOPAXI,-0.78208,-78.72209
050652,CHANTILIN,0506,SAQUISILI,05,COTOPAXI,-0.85261,-78.64738
050653,COCHAPAMBA,0506,SAQUISILI,05,COTOPAXI,-0.84081,-78.77521
050750,SIGCHOS,0507,SIGCHOS,05,COTOPAXI,-0.61752,-78.91215
050751,CHUGCHILLAN,0507,SIGCHOS,05,COTOPAXI,-0.83004,-78.98453
050752,ISINLIVI,0507,SIGCHOS,05,COTOPAXI,-0.78236,-78.85483
050753,LAS PAMPAS,0507,SIGCHOS,05,COTOPAXI,-0.47108,-78.96927
050754,PALO QUEMADO,0507,SIGCHOS,05,COTOPAXI,-0.42977,-78.90616
060150,RIOBAMBA,0601,RIOBAMBA,06,CHIMBORAZO,-1.67251,-78.66224
060151,CACHA (CAB. EN MACHANGARA),0601,RIOBAMBA,06,CHIMBORAZO,-1.71359,-78.71086
060152,CALPI,0601,RIOBAMBA,06,CHIMBORAZO,-1.61759,-78.75390
060153,CUBIJIES,0601,RIOBAMBA,06,CHIMBORAZO,-1.65463,-78.60008
060154,FLORES,0601,RIOBAMBA,06,CHIMBORAZO,-1.82563,-78.65476
060155,LICAN,0601,RIOBAMBA,06,CHIMBORAZO,-1.64259,-78.70750
060156,LICTO,0601,RIOBAMBA,06,CHIMBORAZO,-1.79864,-78.61741
060157,PUNGALA,0601,RIOBAMBA,06,CHIMBORAZO,-1.85972,-78.50031
060158,PUNIN,0601,RIOBAMBA,06,CHIMBORAZO,-1.76170,-78.67271
060159,QUIMIAG,0601,RIOBAMBA,06,CHIMBORAZO,-1.67482,-78.51684
060160,SAN JUAN,0601,RIOBAMBA,06,CHIMBORAZO,-1.56711,-78.82997
060161,SAN LUIS,0601,RIOBAMBA,06,CHIMBORAZO,-1.71133,-78.64137
060250,ALAUSI,0602,ALAUSI,06,CHIMBORAZO,-2.18769,-78.85245
060251,ACHUPALLAS,0602,ALAUSI,06,CHIMBORAZO,-2.36157,-78.63798
060253,GUASUNTOS,0602,ALAUSI,06,CHIMBORAZO,-2.22623,-78.78379
060254,HUIGRA,0602,ALAUSI,06,CHIMBORAZO,-2.28136,-79.00447
060255,MULTITUD,0602,ALAUSI,06,CHIMBORAZO,-2.14283,-78.98748
060256,PISTISHI (NARIZ DEL DIABLO),0602,ALAUSI,06,CHIMBORAZO,-2.25861,-78.88236
060257,PUMALLACTA,0602,ALAUSI,06,CHIMBORAZO,-2.27821,-78.80481
060258,SEVILLA,0602,ALAUSI,06,CHIMBORAZO,-2.29773,-78.82353
060259,SIBAMBE,0602,ALAUSI,06,CHIMBORAZO,-2.19172,-78.91403
060260,TIXAN,0602,ALAUSI,06,CHIMBORAZO,-2.15252,-78.77195
060350,VILLA LA UNION (CAJABAMBA),0603,COLTA,06,CHIMBORAZO,-1.72487,-78.79413
060351,CAÑI,0603,COLTA,06,CHIMBORAZO,-1.79657,-78.96206
060352,COLUMBE,0603,COLTA,06,CHIMBORAZO,-1.85844,-78.78106
060353,JUAN DE VELASCO (PANGOR),0603,COLTA,06,CHIMBORAZO,-1.86156,-78.91224
060354,SANTIAGO DE QUITO (CAB. EN SAN ANTONIO DE QUITO),0603,COLTA,06,CHIMBORAZO,-1.77411,-78.72886
060450,CHAMBO,0604,CHAMBO,06,CHIMBORAZO,-1.75068,-78.53895
060550,CHUNCHI,0605,CHUNCHI,06,CHIMBORAZO,-2.33360,-78.87228
060551,CAPZOL,0605,CHUNCHI,06,CHIMBORAZO,-2.30959,-78.92996
060552,COMPUD,0605,CHUNCHI,06,CHIMBORAZO,-2.35774,-78.92599
060553,GONZOL,0605,CHUNCHI,06,CHIMBORAZO,-2.27088,-78.85564
060554,LLAGOS,0605,CHUNCHI,06,CHIMBORAZO,-2.36559,-78.97061
060650,GUAMOTE,0606,GUAMOTE,06,CHIMBORAZO,-2.00271,-78.69192
060651,CEBADAS,0606,GUAMOTE,06,CHIMBORAZO,-2.04660,-78.55052
060652,PALMIRA,0606,GUAMOTE,06,CHIMBORAZO,-2.07877,-78.75394
060750,GUANO,0607,GUANO,06,CHIMBORAZO,-1.60449,-78.61878
060751,GUANANDO,0607,GUANO,06,CHIMBORAZO,-1.50706,-78.52833
060752,ILAPO,0607,GUANO,06,CHIMBORAZO,-1.54784,-78.58052
060753,LA PROVIDENCIA,0607,GUANO,06,CHIMBORAZO,-1.57238,-78.54525
060754,SAN ANDRES,0607,GUANO,06,CHIMBORAZO,-1.51647,-78.75130
060755,SAN GERARDO DE PACAICAGUAN,0607,GUANO,06,CHIMBORAZO,-1.63654,-78.61545
060756,SAN ISIDRO DE PATULU,0607,GUANO,06,CHIMBORAZO,-1.54140,-78.67501
060757,SAN JOSE DEL CHAZO,0607,GUANO,06,CHIMBORAZO,-1.52798,-78.55289
060758,SANTA FE DE GALAN,0607,GUANO,06,CHIMBORAZO,-1.49682,-78.57048
060759,VALPARAISO,0607,GUANO,06,CHIMBORAZO,-1.55145,-78.60864
060850,PALLATANGA,0608,PALLATANGA,06,CHIMBORAZO,-2.01711,-78.93018
060950,PENIPE,0609,PENIPE,06,CHIMBORAZO,-1.58431,-78.50567
060951,EL ALTAR,0609,PENIPE,06,CHIMBORAZO,-1.54611,-78.44172
060952,MATUS,0609,PENIPE,06,CHIMBORAZO,-1.58940,-78.43527
060953,PUELA,0609,PENIPE,06,CHIMBORAZO,-1.50490,-78.43943
060954,SAN ANTONIO DE BAYUSHIG,0609,PENIPE,06,CHIMBORAZO,-1.54943,-78.51802
060955,LA CANDELARIA,0609,PENIPE,06,CHIMBORAZO,-1.63855,-78.44489
060956,BILBAO (CAB. EN QUILLUYACU),0609,PENIPE,06,CHIMBORAZO,-1.46831,-78.48703
061050,CUMANDA,0610,CUMANDA,06,CHIMBORAZO,-2.21390,-79.08070
070150,MACHALA,0701,MACHALA,07,EL ORO,-3.28623,-79.93691
070152,EL RETIRO,0701,MACHALA,07,EL ORO,-3.37915,-79.95675
070250,ARENILLAS,0702,ARENILLAS,07,EL ORO,-3.55974,-80.04313
070251,CHACRAS,0702,ARENILLAS,07,EL ORO,-3.53087,-80.16514
070254,PALMALES,0702,ARENILLAS,07,EL ORO,-3.69995,-80.10573
070255,CARCABON,0702,ARENILLAS,07,EL ORO,-3.63083,-80.16142
070350,PACCHA,0703,ATAHUALPA,07,EL ORO,-3.56113,-79.66159
070351,AYAPAMBA,0703,ATAHUALPA,07,EL ORO,-3.57938,-79.72797
070352,CORDONCILLO,0703,ATAHUALPA,07,EL ORO,-3.55486,-79.62968
070353,MILAGRO,0703,ATAHUALPA,07,EL ORO,-3.62402,-79.66603
070354,SAN JOSE,0703,ATAHUALPA,07,EL ORO,-3.62907,-79.65534
070355,SAN JUAN DE CERRO AZUL,0703,ATAHUALPA,07,EL ORO,-3.51587,-79.76445
070450,BALSAS,0704,BALSAS,07,EL ORO,-3.77082,-79.83281
070451,BELLAMARIA,0704,BALSAS,07,EL ORO,-3.75826,-79.85699
070550,CHILLA,0705,CHILLA,07,EL ORO,-3.44145,-79.62766
070650,EL GUABO,0706,EL GUABO,07,EL ORO,-3.22381,-79.80124
070651,BARBONES (SUCRE),0706,EL GUABO,07,EL ORO,-3.16529,-79.87209
070652,LA IBERIA,0706,EL GUABO,07,EL ORO,-3.24458,-79.87588
070653,TENDALES (CAB. EN PUERTO TENDALES),0706,EL GUABO,07,EL ORO,-3.13485,-79.80146
070654,RIO BONITO,0706,EL GUABO,07,EL ORO,-3.12991,-79.71645
070750,HUAQUILLAS,0707,HUAQUILLAS,07,EL ORO,-3.46089,-80.18590
070850,MARCABELI,0708,MARCABELI,07,EL ORO,-3.78728,-79.93008
070851,EL INGENIO,0708,MARCABELI,07,EL ORO,-3.72799,-79.94614
070950,PASAJE,0709,PASAJE,07,EL ORO,-3.38417,-79.76869
070951,BUENAVISTA,0709,PASAJE,07,EL ORO,-3.36961,-79.83420
070952,CASACAY,0709,PASAJE,07,EL ORO,-3.34872,-79.71047
070953,LA PEAÑA,0709,PASAJE,07,EL ORO,-3.31098,-79.85102
070954,PROGRESO,0709,PASAJE,07,EL ORO,-3.26575,-79.68857
070955,UZHCURRUMI,0709,PASAJE,07,EL ORO,-3.35092,-79.59966
070956,CAÑAQUEMADA,0709,PASAJE,07,EL ORO,-3.28203,-79.81051
071050,PIÑAS,0710,PIÑAS,07,EL ORO,-3.66876,-79.69820
071051,CAPIRO (CAB. EN LA CAPILLA DE CAPIRO),0710,PIÑAS,07,EL ORO,-3.79066,-79.75734
071052,LA BOCANA,0710,PIÑAS,07,EL ORO,-3.70109,-79.90299
071053,MOROMORO (CAB. EN EL VADO),0710,PIÑAS,07,EL ORO,-3.66922,-79.76439
071054,PIEDRAS,0710,PIÑAS,07,EL ORO,-3.63165,-79.91359
071055,SAN ROQUE (AMBROSIO MALDONADO),0710,PIÑAS,07,EL ORO,-3.73960,-79.67982
071056,SARACAY,0710,PIÑAS,07,EL ORO,-3.66734,-79.83700
071150,PORTOVELO,0711,PORTOVELO,07,EL ORO,-3.72543,-79.60847
071151,CURTINCAPA,0711,PORTOVELO,07,EL ORO,-3.73321,-79.53983
071152,MORALES,0711,PORTOVELO,07,EL ORO,-3.70267,-79.45574
071153,SALATI,0711,PORTOVELO,07,EL ORO,-3.76566,-79.49517
071250,SANTA ROSA,0712,SANTA ROSA,07,EL ORO,-3.44280,-79.92946
071251,BELLAVISTA,0712,SANTA ROSA,07,EL ORO,-3.51041,-79.96433
071252,JAMBELI,0712,SANTA ROSA,07,EL ORO,-3.35278,-80.13800
071253,LA AVANZADA,0712,SANTA ROSA,07,EL ORO,-3.56599,-79.94664
071254,SAN ANTONIO,0712,SANTA ROSA,07,EL ORO,-3.54403,-80.00650
071255,TORATA,0712,SANTA ROSA,07,EL ORO,-3.58579,-79.85082
071256,VICTORIA,0712,SANTA ROSA,07,EL ORO,-3.41704,-79.82713
071257,BELLAMARIA,0712,SANTA ROSA,07,EL ORO,-3.51776,-79.85677
071350,ZARUMA,0713,ZARUMA,07,EL ORO,-3.68458,-79.60849
071351,ABAÑIN,0713,ZARUMA,07,EL ORO,-3.33788,-79.51961
071352,ARCAPAMBA,0713,ZARUMA,07,EL ORO,-3.63146,-79.60791
071353,GUANAZAN,0713,ZARUMA,07,EL ORO,-3.44680,-79.50131
071354,GUIZHAGUIÑA,0713,ZARUMA,07,EL ORO,-3.65579,-79.47128
071355,HUERTAS,0713,ZARUMA,07,EL ORO,-3.58206,-79.60430
071356,MALVAS,0713,ZARUMA,07,EL ORO,-3.67383,-79.63043
071357,MULUNCAY GRANDE,0713,ZARUMA,07,EL ORO,-3.63888,-79.63368
071358,SINSAO,0713,ZARUMA,07,EL ORO,-3.62148,-79.57722
071359,SALVIAS,0713,ZARUMA,07,EL ORO,-3.59296,-79.52272
071450,LA VICTORIA,0714,LAS LAJAS,07,EL ORO,-3.78760,-80.08987
071451,LA LIBERTAD,0714,LAS LAJAS,07,EL ORO,-3.85086,-80.10984
071452,EL PARAISO,0714,LAS LAJAS,07,EL ORO,-3.80195,-80.02180
071453,SAN ISIDRO,0714,LAS LAJAS,07,EL ORO,-3.73629,-79.99481
080150,ESMERALDAS,0801,ESMERALDAS,08,ESMERALDAS,0.94627,-79.68574
080152,CAMARONES (CAB. EN SAN VICENTE),0801,ESMERALDAS,08,ESMERALDAS,0.95698,-79.51376
080153,CRNEL. CARLOS CONCHA TORRES (CAB. EN HUELE),0801,ESMERALDAS,08,ESMERALDAS,0.66481,-79.72234
080154,CHINCA,0801,ESMERALDAS,08,ESMERALDAS,0.77344,-79.56470
080159,MAJUA,0801,ESMERALDAS,08,ESMERALDAS,0.66770,-79.49767
080163,SAN MATEO,0801,ESMERALDAS,08,ESMERALDAS,0.84572,-79.61716
080165,TABIAZO,0801,ESMERALDAS,08,ESMERALDAS,0.77772,-79.72912
080166,TACHINA,0801,ESMERALDAS,08,ESMERALDAS,0.93512,-79.59760
080168,VUELTA LARGA,0801,ESMERALDAS,08,ESMERALDAS,0.88515,-79.71078
080250,VALDEZ (LIMONES),0802,ELOY ALFARO,08,ESMERALDAS,1.21318,-78.98283
080251,ANCHAYACU,0802,ELOY ALFARO,08,ESMERALDAS,0.94742,-79.11299
080252,ATAHUALPA (CAB. EN CAMARONES),0802,ELOY ALFARO,08,ESMERALDAS,0.80504,-78.95468
080253,BORBON,0802,ELOY ALFARO,08,ESMERALDAS,1.01918,-78.99991
080254,LA TOLA,0802,ELOY ALFARO,08,ESMERALDAS,1.13605,-79.05669
080255,LUIS VARGAS TORRES (CAB. EN PLAYA DE ORO),0802,ELOY ALFARO,08,ESMERALDAS,0.57740,-78.70553
080256,MALDONADO,0802,ELOY ALFARO,08,ESMERALDAS,1.04723,-78.89828
080257,PAMPANAL DE BOLIVAR,0802,ELOY ALFARO,08,ESMERALDAS,1.30732,-78.92190
080258,SAN FRANCISCO DE ONZOLE,0802,ELOY ALFARO,08,ESMERALDAS,0.84704,-79.10827
080259,SANTO DOMINGO DE ONZOLE,0802,ELOY ALFARO,08,ESMERALDAS,0.67925,-79.15913
080260,SELVA ALEGRE,0802,ELOY ALFARO,08,ESMERALDAS,0.91813,-78.88160
080261,TELEMBI,0802,ELOY ALFARO,08,ESMERALDAS,0.60213,-78.90153
080262,COLON ELOY DEL MARIA,0802,ELOY ALFARO,08,ESMERALDAS,0.99600,-78.90925
080263,SAN JOSE DE CAYAPAS,0802,ELOY ALFARO,08,ESMERALDAS,0.89935,-78.97274
080264,TIMBIRE,0802,ELOY ALFARO,08,ESMERALDAS,0.98857,-78.85628
080265,SANTA LUCIA DE LAS PEÑAS,0802,ELOY ALFARO,08,ESMERALDAS,1.06774,-79.14302
080350,MUISNE,0803,MUISNE,08,ESMERALDAS,0.60609,-79.94584
080351,BOLIVAR,0803,MUISNE,08,ESMERALDAS,0.45687,-80.01796
080352,DAULE,0803,MUISNE,08,ESMERALDAS,0.39855,-79.96465
080353,GALERA,0803,MUISNE,08,ESMERALDAS,0.77842,-80.05173
080354,QUINGUE (OLMEDO PERDOMO FRANCO),0803,MUISNE,08,ESMERALDAS,0.70929,-80.07226
080355,SALIMA,0803,MUISNE,08,ESMERALDAS,0.32775,-79.95682
080356,SAN FRANCISCO,0803,MUISNE,08,ESMERALDAS,0.69299,-79.99809
080357,SAN GREGORIO,0803,MUISNE,08,ESMERALDAS,0.50955,-79.87494
080358,SAN JOSE DE CHAMANGA,0803,MUISNE,08,ESMERALDAS,0.34980,-79.88325
080450,ROSA ZARATE (QUININDE),0804,QUININDE,08,ESMERALDAS,0.29930,-79.52163
080451,CUBE,0804,QUININDE,08,ESMERALDAS,0.48848,-79.67274
080452,CHURA (CHANCAMA) (CAB. EN EL YERBERO),0804,QUININDE,08,ESMERALDAS,0.52625,-79.45832
080453,MALIMPIA,0804,QUININDE,08,ESMERALDAS,0.43982,-79.19722
080454,VICHE,0804,QUININDE,08,ESMERALDAS,0.62678,-79.54894
080455,LA UNION,0804,QUININDE,08,ESMERALDAS,0.09654,-79.46694
080550,SAN LORENZO,0805,SAN LORENZO,08,ESMERALDAS,1.27492,-78.79817
080551,ALTO TAMBO (CAB EN GUADUAL),0805,SAN LORENZO,08,ESMERALDAS,0.75609,-78.57627
080552,ANCON (PICHANGAL) (CAB. EN PALMA REAL),0805,SAN LORENZO,08,ESMERALDAS,1.41298,-78.86022
080553,CALDERON,0805,SAN LORENZO,08,ESMERALDAS,1.17176,-78.76488
080554,CARONDELET,0805,SAN LORENZO,08,ESMERALDAS,1.12579,-78.74430
080555,5 DE JUNIO (CAB. EN UIMBI),0805,SAN LORENZO,08,ESMERALDAS,0.92622,-78.74947
080556,CONCEPCION,0805,SAN LORENZO,08,ESMERALDAS,1.04369,-78.84812
080557,MATAJE (CAB. EN SANTANDER),0805,SAN LORENZO,08,ESMERALDAS,1.25276,-78.64454
080558,SAN JAVIER DE CACHAVI (CAB. EN SAN JAVIER),0805,SAN LORENZO,08,ESMERALDAS,1.07047,-78.77131
080559,SANTA RITA,0805,SAN LORENZO,08,ESMERALDAS,1.04950,-78.67212
080560,TAMBILLO,0805,SAN LORENZO,08,ESMERALDAS,1.18445,-78.89379
080561,TULULBI (CAB. EN RICAURTE),0805,SAN LORENZO,08,ESMERALDAS,1.13456,-78.63180
080562,URBINA,0805,SAN LORENZO,08,ESMERALDAS,0.99017,-78.68980
080650,ATACAMES,0806,ATACAMES,08,ESMERALDAS,0.81201,-79.81787
080651,LA UNION,0806,ATACAMES,08,ESMERALDAS,0.73243,-79.84280
080652,SUA (CAB. EN LA BOCANA),0806,ATACAMES,08,ESMERALDAS,0.76838,-79.88861
080653,TONCHIGUE,0806,ATACAMES,08,ESMERALDAS,0.77072,-79.94502
080654,TONSUPA,0806,ATACAMES,08,ESMERALDAS,0.88025,-79.77327
080750,RIOVERDE,0807,RIOVERDE,08,ESMERALDAS,1.02387,-79.42710
080751,CHONTADURO,0807,RIOVERDE,08,ESMERALDAS,0.87364,-79.40118
080752,CHUMUNDE,0807,RIOVERDE,08,ESMERALDAS,0.70109,-79.38709
080753,LAGARTO,0807,RIOVERDE,08,ESMERALDAS,1.00566,-79.21773
080754,MONTALVO (CAB EN HORQUETA),0807,RIOVERDE,08,ESMERALDAS,0.88646,-79.28880
080755,ROCAFUERTE,0807,RIOVERDE,08,ESMERALDAS,0.96803,-79.36581
080850,LA CONCORDIA,0808,LA CONCORDIA,08,ESMERALDAS,-0.00282,-79.37664
080851,MONTERREY,0808,LA CONCORDIA,08,ESMERALDAS,-0.05647,-79.53890
080852,LA VILLEGAS,0808,LA CONCORDIA,08,ESMERALDAS,-0.07709,-79.44885
080853,PLAN PILOTO,0808,LA CONCORDIA,08,ESMERALDAS,-0.06269,-79.37674
090150,GUAYAQUIL,0901,GUAYAQUIL,09,GUAYAS,-2.33324,-80.03900
090152,JUAN GOMEZ RENDON (PROGRESO),0901,GUAYAQUIL,09,GUAYAS,-2.39865,-80.33096
090153,MORRO,0901,GUAYAQUIL,09,GUAYAS,-2.56575,-80.31709
090156,POSORJA,0901,GUAYAQUIL,09,GUAYAS,-2.69121,-80.28371
090157,PUNA,0901,GUAYAQUIL,09,GUAYAS,-2.83980,-80.12038
090158,TENGUEL,0901,GUAYAQUIL,09,GUAYAS,-3.00732,-79.79392
090250,ALFREDO BAQUERIZO MORENO (JUJAN),0902,ALFREDO BAQUERIZO MORENO,09,GUAYAS,-1.94674,-79.54725
090350,BALAO,0903,BALAO,09,GUAYAS,-2.89256,-79.73414
090450,BALZAR,0904,BALZAR,09,GUAYAS,-1.29026,-79.90732
090550,COLIMES,0905,COLIMES,09,GUAYAS,-1.49986,-80.06661
090551,SAN JACINTO,0905,COLIMES,09,GUAYAS,-1.61069,-80.14104
090650,DAULE,0906,DAULE,09,GUAYAS,-1.89755,-79.96153
090652,JUAN BAUTISTA AGUIRRE (LOS TINTOS),0906,DAULE,09,GUAYAS,-1.89083,-79.87385
090653,LAUREL,0906,DAULE,09,GUAYAS,-1.81258,-79.91658
090654,LIMONAL,0906,DAULE,09,GUAYAS,-1.80677,-80.01177
090656,LOS LOJAS (ENRIQUE BAQUERIZO MORENO),0906,DAULE,09,GUAYAS,-1.97632,-79.91978
090750,ELOY ALFARO (DURAN),0907,DURAN,09,GUAYAS,-2.23019,-79.78215
090850,VELASCO IBARRA (CAB. EL EMPALME),0908,EMPALME,09,GUAYAS,-1.03692,-79.67275
090851,GUAYAS (PUEBLO NUEVO),0908,EMPALME,09,GUAYAS,-0.94470,-79.61460
090852,EL ROSARIO,0908,EMPALME,09,GUAYAS,-1.05276,-79.77865
090950,EL TRIUNFO,0909,EL TRIUNFO,09,GUAYAS,-2.29488,-79.35966
091050,MILAGRO,0910,MILAGRO,09,GUAYAS,-2.10199,-79.57864
091051,CHOBO,0910,MILAGRO,09,GUAYAS,-2.14080,-79.63713
091053,MARISCAL SUCRE (HUAQUES),0910,MILAGRO,09,GUAYAS,-2.08211,-79.50790
091054,ROBERTO ASTUDILLO (CAB. EN CRUCE DE VENECIA),0910,MILAGRO,09,GUAYAS,-2.16946,-79.51095
091150,NARANJAL,0911,NARANJAL,09,GUAYAS,-2.71146,-79.64142
091151,JESUS MARIA,0911,NARANJAL,09,GUAYAS,-2.58142,-79.52721
091152,SAN CARLOS,0911,NARANJAL,09,GUAYAS,-2.54410,-79.47267
091153,SANTA ROSA DE FLANDES,0911,NARANJAL,09,GUAYAS,-2.62963,-79.68276
091154,TAURA,0911,NARANJAL,09,GUAYAS,-2.42983,-79.64427
091250,NARANJITO,0912,NARANJITO,09,GUAYAS,-2.15415,-79.39804
091350,PALESTINA,0913,PALESTINA,09,GUAYAS,-1.63676,-79.91941
091450,PEDRO CARBO,0914,PEDRO CARBO,09,GUAYAS,-1.82720,-80.32428
091451,VALLE DE LA VIRGEN,0914,PEDRO CARBO,09,GUAYAS,-1.72646,-80.19126
091452,SABANILLA,0914,PEDRO CARBO,09,GUAYAS,-1.92861,-80.26303
091650,SAMBORONDON,0916,SAMBORONDON,09,GUAYAS,-1.99127,-79.76357
091651,TARIFA,0916,SAMBORONDON,09,GUAYAS,-1.96974,-79.81487
091850,SANTA LUCIA,0918,SANTA LUCIA,09,GUAYAS,-1.71452,-80.03511
091950,EL SALITRE (LAS RAMAS),0919,SALITRE,09,GUAYAS,-1.83312,-79.82228
091951,GRAL. VERNAZA (DOS ESTEROS),0919,SALITRE,09,GUAYAS,-1.77028,-79.78095
091952,LA VICTORIA (ÑAUZA),0919,SALITRE,09,GUAYAS,-1.88687,-79.72592
091953,JUNQUILLAL,0919,SALITRE,09,GUAYAS,-1.72835,-79.85927
092050,SAN JACINTO DE YAGUACHI,0920,SAN JACINTO DE YAGUACHI,09,GUAYAS,-2.06954,-79.70881
092053,GRAL. PEDRO J. MONTERO (BOLICHE),0920,SAN JACINTO DE YAGUACHI,09,GUAYAS,-2.26276,-79.59184
092055,YAGUACHI VIEJO (CONE),0920,SAN JACINTO DE YAGUACHI,09,GUAYAS,-2.18871,-79.67013
092056,VIRGEN DE FATIMA,0920,SAN JACINTO DE YAGUACHI,09,GUAYAS,-2.26524,-79.67075
092150,GENERAL VILLAMIL (PLAYAS),0921,PLAYAS,09,GUAYAS,-2.55689,-80.43818
092250,SIMON BOLIVAR,0922,SIMON BOLIVAR,09,GUAYAS,-2.00328,-79.45135
092251,CRNEL. LORENZO DE GARAICOA (PEDREGAL),0922,SIMON BOLIVAR,09,GUAYAS,-2.06383,-79.37371
092350,CORONEL MARCELINO MARIDUEÑA (SAN CARLOS),0923,CRNEL. MARCELINO MARIDUEÑA,09,GUAYAS,-2.23934,-79.38238
092450,LOMAS DE SARGENTILLO,0924,LOMAS DE SARGENTILLO,09,GUAYAS,-1.85073,-80.08043
092550,NARCISA DE JESUS,0925,NOBOL,09,GUAYAS,-1.96575,-80.04937
092750,GRAL. ANTONIO ELIZALDE (BUCAY),0927,GNRAL. ANTONIO ELIZALDE,09,GUAYAS,-2.15631,-79.20225
092850,ISIDRO AYORA,0928,ISIDRO AYORA,09,GUAYAS,-1.96233,-80.16248
100150,SAN MIGUEL DE IBARRA,1001,IBARRA,10,IMBABURA,0.36064,-78.09183
100151,AMBUQUI,1001,IBARRA,10,IMBABURA,0.40866,-78.02045
100152,ANGOCHAGUA,1001,IBARRA,10,IMBABURA,0.22075,-78.08181
100153,CAROLINA,1001,IBARRA,10,IMBABURA,0.64768,-78.22468
100154,LA ESPERANZA,1001,IBARRA,10,IMBABURA,0.26719,-78.12779
100155,LITA,1001,IBARRA,10,IMBABURA,0.77596,-78.37831
100156,SALINAS,1001,IBARRA,10,IMBABURA,0.49343,-78.13832
100157,SAN ANTONIO,1001,IBARRA,10,IMBABURA,0.32140,-78.17119
100250,ATUNTAQUI,1002,ANTONIO ANTE,10,IMBABURA,0.33009,-78.21512
100251,IMBAYA (SAN LUIS DE COBUENDO),1002,ANTONIO ANTE,10,IMBABURA,0.37846,-78.15735
100252,SAN FCO. DE NATABUELA,1002,ANTONIO ANTE,10,IMBABURA,0.31323,-78.19080
100253,SAN JOSE DE CHALTURA,1002,ANTONIO ANTE,10,IMBABURA,0.36633,-78.18933
100254,SAN ROQUE,1002,ANTONIO ANTE,10,IMBABURA,0.29852,-78.22319
100350,COTACACHI,1003,COTACACHI,10,IMBABURA,0.31269,-78.29912
100351,APUELA,1003,COTACACHI,10,IMBABURA,0.42197,-78.42452
100352,GARCIA MORENO (LLURIMAGUA),1003,COTACACHI,10,IMBABURA,0.29721,-78.78761
100353,IMANTAG,1003,COTACACHI,10,IMBABURA,0.44945,-78.34784
100354,PEÑAHERRERA,1003,COTACACHI,10,IMBABURA,0.35993,-78.58858
100355,PLAZA GUTIERREZ (CALVARIO),1003,COTACACHI,10,IMBABURA,0.34558,-78.42347
100356,QUIROGA,1003,COTACACHI,10,IMBABURA,0.29927,-78.38788
100357,6 DE JULIO DE CUELLAJE (CAB. EN CUELLAJE),1003,COTACACHI,10,IMBABURA,0.45874,-78.52967
100358,VACAS GALINDO (EL CHURO) (CAB. EN SAN MIGUEL ALTO),1003,COTACACHI,10,IMBABURA,0.31266,-78.53926
100450,OTAVALO,1004,OTAVALO,10,IMBABURA,0.21498,-78.26710
100451,DOCTOR MIGUEL EGAS CABEZAS (PEGUCHE),1004,OTAVALO,10,IMBABURA,0.25244,-78.22869
100452,EUGENIO ESPEJO (CALPAQUI),1004,OTAVALO,10,IMBABURA,0.18647,-78.25375
100453,GONZALEZ SUAREZ,1004,OTAVALO,10,IMBABURA,0.15280,-78.20257
100454,PATAQUI,1004,OTAVALO,10,IMBABURA,0.18856,-78.35692
100455,SAN JOSE DE QUICHINCHE,1004,OTAVALO,10,IMBABURA,0.24831,-78.35076
100456,SAN JUAN DE ILUMAN,1004,OTAVALO,10,IMBABURA,0.27289,-78.22598
100457,SAN PABLO,1004,OTAVALO,10,IMBABURA,0.20793,-78.16859
100458,SAN RAFAEL,1004,OTAVALO,10,IMBABURA,0.17891,-78.23355
100459,SELVA ALEGRE (CAB. EN SAN MIGUEL DE PAMPLONA),1004,OTAVALO,10,IMBABURA,0.26651,-78.50423
100550,PIMAMPIRO,1005,PIMAMPIRO,10,IMBABURA,0.35992,-77.94820
100551,CHUGA,1005,PIMAMPIRO,10,IMBABURA,0.36385,-77.87551
100552,MARIANO ACOSTA,1005,PIMAMPIRO,10,IMBABURA,0.24259,-77.98827
100553,SAN  FCO. DE SIGSIPAMBA,1005,PIMAMPIRO,10,IMBABURA,0.26637,-77.90093
100650,URCUQUI,1006,SAN MIGUEL DE URCUQUI,10,IMBABURA,0.42017,-78.17705
100651,CAHUASQUI,1006,SAN MIGUEL DE URCUQUI,10,IMBABURA,0.51687,-78.26304
100652,LA MERCED DE BUENOS AIRES,1006,SAN MIGUEL DE URCUQUI,10,IMBABURA,0.64349,-78.38116
100653,PABLO ARENAS,1006,SAN MIGUEL DE URCUQUI,10,IMBABURA,0.48787,-78.21450
100654,SAN BLAS,1006,SAN MIGUEL DE URCUQUI,10,IMBABURA,0.42481,-78.26562
100655,TUMBABIRO,1006,SAN MIGUEL DE URCUQUI,10,IMBABURA,0.45641,-78.19572
110150,LOJA,1101,LOJA,11,LOJA,-3.99425,-79.20405
110151,CHANTACO,1101,LOJA,11,LOJA,-3.87596,-79.32341
110152,CHUQUIRIBAMBA,1101,LOJA,11,LOJA,-3.84215,-79.35635
110153,EL CISNE,1101,LOJA,11,LOJA,-3.83828,-79.45172
110154,GUALEL,1101,LOJA,11,LOJA,-3.75275,-79.37344
110155,JIMBILLA,1101,LOJA,11,LOJA,-3.86596,-79.17579
110156,MALACATOS (VALLADOLID),1101,LOJA,11,LOJA,-4.18854,-79.23604
110157,SAN LUCAS,1101,LOJA,11,LOJA,-3.74823,-79.24154
110158,SAN PEDRO DE VILCABAMBA,1101,LOJA,11,LOJA,-4.22635,-79.17617
110159,SANTIAGO,1101,LOJA,11,LOJA,-3.79679,-79.28789
110160,TAQUIL (MIGUEL RIOFRIO),1101,LOJA,11,LOJA,-3.91994,-79.29131
110161,VILCABAMBA (VICTORIA),1101,LOJA,11,LOJA,-4.28008,-79.22871
110162,YANGANA (ARSENIO CASTILLO),1101,LOJA,11,LOJA,-4.39110,-79.18226
110163,QUINARA,1101,LOJA,11,LOJA,-4.38905,-79.27352
110250,CARIAMANGA,1102,CALVAS,11,LOJA,-4.32727,-79.56709
110251,COLAISACA,1102,CALVAS,11,LOJA,-4.25240,-79.69233
110252,EL LUCERO,1102,CALVAS,11,LOJA,-4.39337,-79.50129
110253,UTUANA,1102,CALVAS,11,LOJA,-4.37500,-79.67642
110254,SANGUILLIN,1102,CALVAS,11,LOJA,-4.46812,-79.53212
110350,CATAMAYO (LA TOMA),1103,CATAMAYO,11,LOJA,-3.96932,-79.34891
110351,EL TAMBO,1103,CATAMAYO,11,LOJA,-4.08714,-79.29444
110352,GUAYQUICHUMA,1103,CATAMAYO,11,LOJA,-3.86082,-79.52250
110353,SAN PEDRO DE LA BENDITA,1103,CATAMAYO,11,LOJA,-3.96339,-79.44882
110354,ZAMBI,1103,CATAMAYO,11,LOJA,-3.94193,-79.50897
110450,CELICA,1104,CELICA,11,LOJA,-4.14929,-79.95015
110451,CRUZPAMBA (CAB EN CARLOS BUSTAMANTE),1104,CELICA,11,LOJA,-4.17227,-80.02109
110455,POZUL (SAN JUAN DE POZUL),1104,CELICA,11,LOJA,-4.12637,-80.05216
110456,SABANILLA,1104,CELICA,11,LOJA,-4.21372,-80.14604
110457,TNTE. MAXIMILIANO RODRIGUEZ LOAIZA,1104,CELICA,11,LOJA,-4.20043,-80.06095
110550,CHAGUARPAMBA,1105,CHAGUARPAMBA,11,LOJA,-3.86569,-79.62854
110551,BUENAVISTA,1105,CHAGUARPAMBA,11,LOJA,-3.89842,-79.71512
110552,EL ROSARIO,1105,CHAGUARPAMBA,11,LOJA,-3.80148,-79.63644
110553,SANTA RUFINA,1105,CHAGUARPAMBA,11,LOJA,-3.86864,-79.76296
110554,AMARILLOS,1105,CHAGUARPAMBA,11,LOJA,-3.88397,-79.68768
110650,AMALUZA,1106,ESPINDOLA,11,LOJA,-4.59623,-79.39153
110651,BELLAVISTA,1106,ESPINDOLA,11,LOJA,-4.52350,-79.46185
110652,JIMBURA,1106,ESPINDOLA,11,LOJA,-4.65401,-79.44388
110653,SANTA TERESITA,1106,ESPINDOLA,11,LOJA,-4.53183,-79.37729
110654,27 DE ABRIL (CAB. EN LA NARANJA),1106,ESPINDOLA,11,LOJA,-4.45011,-79.45080
110655,EL INGENIO,1106,ESPINDOLA,11,LOJA,-4.44339,-79.37565
110656,EL AIRO,1106,ESPINDOLA,11,LOJA,-4.47819,-79.37574
110750,GONZANAMA,1107,GONZANAMA,11,LOJA,-4.22664,-79.44310
110751,CHANGAIMINA (LA LIBERTAD),1107,GONZANAMA,11,LOJA,-4.23548,-79.52654
110753,NAMBACOLA,1107,GONZANAMA,11,LOJA,-4.09719,-79.43320
110754,PURUNUMA (EGUIGUREN),1107,GONZANAMA,11,LOJA,-4.21828,-79.36241
110756,SACAPALCA,1107,GONZANAMA,11,LOJA,-4.14822,-79.53066
110850,MACARA,1108,MACARA,11,LOJA,-4.32243,-79.96304
110851,LARAMA,1108,MACARA,11,LOJA,-4.25238,-79.89873
110852,LA VICTORIA,1108,MACARA,11,LOJA,-4.45350,-79.79644
110853,SABIANGO (LA CAPILLA),1108,MACARA,11,LOJA,-4.36144,-79.82648
110950,CATACOCHA,1109,PALTAS,11,LOJA,-4.07751,-79.64846
110951,CANGONAMA,1109,PALTAS,11,LOJA,-3.95373,-79.71763
110952,GUACHANAMA,1109,PALTAS,11,LOJA,-4.03973,-79.86246
110954,LAURO GUERRERO,1109,PALTAS,11,LOJA,-3.94058,-79.78602
110956,ORIANGA,1109,PALTAS,11,LOJA,-3.87548,-79.89088
110957,SAN ANTONIO,1109,PALTAS,11,LOJA,-3.98350,-79.65785
110958,CASANGA,1109,PALTAS,11,LOJA,-4.02064,-79.75804
110959,YAMANA,1109,PALTAS,11,LOJA,-4.00292,-79.69437
111050,ALAMOR,1110,PUYANGO,11,LOJA,-3.97111,-80.06114
111051,CIANO,1110,PUYANGO,11,LOJA,-3.91326,-79.98780
111052,EL ARENAL,1110,PUYANGO,11,LOJA,-3.97669,-79.98143
111053,EL LIMO (MARIANA DE JESUS),1110,PUYANGO,11,LOJA,-3.99649,-80.19141
111054,MERCADILLO,1110,PUYANGO,11,LOJA,-4.01734,-79.94124
111055,VICENTINO,1110,PUYANGO,11,LOJA,-3.97612,-79.92162
111150,SARAGURO,1111,SARAGURO,11,LOJA,-3.63521,-79.23366
111151,EL PARAISO DE CELEN,1111,SARAGURO,11,LOJA,-3.59907,-79.35388
111152,EL TABLON,1111,SARAGURO,11,LOJA,-3.51315,-79.18101
111153,LLUZHAPA,1111,SARAGURO,11,LOJA,-3.49282,-79.32521
111154,MANU,1111,SARAGURO,11,LOJA,-3.52608,-79.42656
111155,SAN ANTONIO DE QUMBE (CUMBE),1111,SARAGURO,11,LOJA,-3.53090,-79.22814
111156,SAN PABLO DE TENTA,1111,SARAGURO,11,LOJA,-3.62256,-79.30122
111157,SAN SEBASTIAN DE YULUC,1111,SARAGURO,11,LOJA,-3.38706,-79.41812
111158,SELVA ALEGRE,1111,SARAGURO,11,LOJA,-3.55529,-79.34869
111159,URDANETA (PAQUISHAPA),1111,SARAGURO,11,LOJA,-3.63951,-79.16820
111160,SUMAYPAMBA,1111,SARAGURO,11,LOJA,-3.40990,-79.34055
111250,SOZORANGA,1112,SOZORANGA,11,LOJA,-4.24499,-79.78885
111251,NUEVA FATIMA,1112,SOZORANGA,11,LOJA,-4.26626,-79.82282
111252,TACAMOROS,1112,SOZORANGA,11,LOJA,-4.43051,-79.73206
111350,ZAPOTILLO,1113,ZAPOTILLO,11,LOJA,-4.36150,-80.25641
111351,MANGAHURCO,1113,ZAPOTILLO,11,LOJA,-4.10375,-80.38914
111352,GARZAREAL,1113,ZAPOTILLO,11,LOJA,-4.27280,-80.27360
111353,LIMONES,1113,ZAPOTILLO,11,LOJA,-4.36370,-80.37669
111354,PALETILLAS,1113,ZAPOTILLO,11,LOJA,-4.14392,-80.25351
111355,BOLASPAMBA,1113,ZAPOTILLO,11,LOJA,-4.13198,-80.33556
111356,CAZADEROS,1113,ZAPOTILLO,11,LOJA,-4.03509,-80.41225
111450,PINDAL,1114,PINDAL,11,LOJA,-4.12733,-80.11240
111451,CHAQUINAL,1114,PINDAL,11,LOJA,-4.05583,-80.03844
111452,12 DE DICIEMBRE (CAB. EN ACHIOTES),1114,PINDAL,11,LOJA,-4.06135,-80.10751
111453,MILAGROS,1114,PINDAL,11,LOJA,-4.09623,-80.17101
111550,QUILANGA,1115,QUILANGA,11,LOJA,-4.29532,-79.41165
111551,FUNDOCHAMBA,1115,QUILANGA,11,LOJA,-4.33057,-79.36861
111552,SAN ANTONIO DE LAS ARADAS (CAB. EN LAS ARADAS),1115,QUILANGA,11,LOJA,-4.38857,-79.36369
111650,OLMEDO,1116,OLMEDO,11,LOJA,-3.93657,-79.62749
111651,LA TINGUE,1116,OLMEDO,11,LOJA,-3.93643,-79.56101
120150,BABAHOYO,1201,BABAHOYO,12,LOS RIOS,-1.85233,-79.50773
120152,CARACOL,1201,BABAHOYO,12,LOS RIOS,-1.68616,-79.43601
120153,FEBRES CORDERO (LAS JUNTAS),1201,BABAHOYO,12,LOS RIOS,-1.97705,-79.31928
120154,PIMOCHA,1201,BABAHOYO,12,LOS RIOS,-1.78251,-79.57145
120155,LA UNION,1201,BABAHOYO,12,LOS RIOS,-1.72036,-79.37998
120250,BABA,1202,BABA,12,LOS RIOS,-1.80000,-79.68543
120251,GUARE,1202,BABA,12,LOS RIOS,-1.59043,-79.65572
120252,ISLA DE BEJUCAL,1202,BABA,12,LOS RIOS,-1.68735,-79.63466
120350,MONTALVO,1203,MONTALVO,12,LOS RIOS,-1.82334,-79.32795
120351,LA ESMERALDA,1203,MONTALVO,12,LOS RIOS,-1.72227,-79.26970
120450,PUEBLOVIEJO,1204,PUEBLOVIEJO,12,LOS RIOS,-1.55442,-79.54098
120451,PUERTO PECHICHE,1204,PUEBLOVIEJO,12,LOS RIOS,-1.42952,-79.54076
120452,SAN JUAN,1204,PUEBLOVIEJO,12,LOS RIOS,-1.65029,-79.55665
120550,QUEVEDO,1205,QUEVEDO,12,LOS RIOS,-1.02455,-79.47943
120553,SAN CARLOS,1205,QUEVEDO,12,LOS RIOS,-1.11325,-79.42337
120555,LA ESPERANZA,1205,QUEVEDO,12,LOS RIOS,-0.97953,-79.40978
120650,CATARAMA,1206,URDANETA,12,LOS RIOS,-1.58662,-79.48281
120651,RICAURTE,1206,URDANETA,12,LOS RIOS,-1.56337,-79.37513
120750,VENTANAS,1207,VENTANAS,12,LOS RIOS,-1.45663,-79.44629
120752,ZAPOTAL,1207,VENTANAS,12,LOS RIOS,-1.30486,-79.42017
120753,CHACARITA,1207,VENTANAS,12,LOS RIOS,-1.37764,-79.34917
120754,LOS ANGELES,1207,VENTANAS,12,LOS RIOS,-1.41932,-79.36390
120850,VINCES,1208,VINCES,12,LOS RIOS,-1.49079,-79.71886
120851,ANTONIO SOTOMAYOR (CAB. EN PLAYAS DE VINCES),1208,VINCES,12,LOS RIOS,-1.66084,-79.78944
120950,PALENQUE,1209,PALENQUE,12,LOS RIOS,-1.33423,-79.71523
121050,SAN JACINTO DE BUENA FE,1210,BUENA FE,12,LOS RIOS,-0.77165,-79.50840
121051,PATRICIA PILAR,1210,BUENA FE,12,LOS RIOS,-0.59604,-79.41453
121150,VALENCIA,1211,VALENCIA,12,LOS RIOS,-0.77749,-79.30669
121250,MOCACHE,1212,MOCACHE,12,LOS RIOS,-1.18961,-79.54989
121350,QUINSALOMA,1213,QUINSALOMA,12,LOS RIOS,-1.14006,-79.35651
130150,PORTOVIEJO,1301,PORTOVIEJO,13,MANABI,-1.07743,-80.46226
130151,ABDON CALDERON (SAN FRANCISCO),1301,PORTOVIEJO,13,MANABI,-1.04745,-80.32459
130152,ALHAJUELA (BAJO GRANDE),1301,PORTOVIEJO,13,MANABI,-1.05504,-80.27626
130153,CRUCITA,1301,PORTOVIEJO,13,MANABI,-0.88716,-80.53388
130154,PUEBLO NUEVO,1301,PORTOVIEJO,13,MANABI,-0.97801,-80.30585
130155,RIOCHICO (RIO CHICO),1301,PORTOVIEJO,13,MANABI,-0.98673,-80.38740
130156,SAN PLACIDO,1301,PORTOVIEJO,13,MANABI,-1.05726,-80.14099
130157,CHIRIJOS,1301,PORTOVIEJO,13,MANABI,-1.01536,-80.18474
130250,CALCETA,1302,BOLIVAR,13,MANABI,-0.92000,-80.05529
130251,MEMBRILLO,1302,BOLIVAR,13,MANABI,-0.87000,-79.94543
130252,QUIROGA,1302,BOLIVAR,13,MANABI,-0.92735,-80.08445
130350,CHONE,1303,CHONE,13,MANABI,-0.65963,-79.88791
130351,BOYACA,1303,CHONE,13,MANABI,-0.54832,-80.16616
130352,CANUTO,1303,CHONE,13,MANABI,-0.79760,-80.05589
130353,CONVENTO,1303,CHONE,13,MANABI,-0.24171,-79.99876
130354,CHIBUNGA,1303,CHONE,13,MANABI,-0.05460,-79.74753
130355,ELOY ALFARO,1303,CHONE,13,MANABI,-0.40641,-80.08193
130356,RICAURTE,1303,CHONE,13,MANABI,-0.55477,-79.95144
130357,SAN ANTONIO,1303,CHONE,13,MANABI,-0.66328,-80.19527
130450,EL CARMEN,1304,EL CARMEN,13,MANABI,-0.38991,-79.53173
130451,WILFRIDO LOOR MOREIRA (MAICITO),1304,EL CARMEN,13,MANABI,-0.33054,-79.64716
130452,SAN PEDRO DE SUMA,1304,EL CARMEN,13,MANABI,-0.16678,-79.56418
130550,FLAVIO ALFARO,1305,FLAVIO ALFARO,13,MANABI,-0.34983,-79.80321
130551,SAN FRANCISCO DE NOVILLO (CAB. EN NOVILLO),1305,FLAVIO ALFARO,13,MANABI,-0.18078,-79.80688
130552,ZAPALLO,1305,FLAVIO ALFARO,13,MANABI,-0.45539,-79.98070
130650,JIPIJAPA,1306,JIPIJAPA,13,MANABI,-1.30378,-80.55558
130651,AMERICA,1306,JIPIJAPA,13,MANABI,-1.43347,-80.51082
130652,EL ANEGADO (CAB. EN ELOY ALFARO),1306,JIPIJAPA,13,MANABI,-1.50084,-80.53296
130653,JULCUY,1306,JIPIJAPA,13,MANABI,-1.50263,-80.64031
130654,LA UNION,1306,JIPIJAPA,13,MANABI,-1.43837,-80.45050
130656,MEMBRILLAL,1306,JIPIJAPA,13,MANABI,-1.23725,-80.66921
130657,PEDRO PABLO GOMEZ,1306,JIPIJAPA,13,MANABI,-1.68671,-80.57310
130658,PUERTO DE CAYO,1306,JIPIJAPA,13,MANABI,-1.32626,-80.69824
130750,JUNIN,1307,JUNIN,13,MANABI,-0.94180,-80.19531
130850,MANTA,1308,MANTA,13,MANABI,-1.00989,-80.77302
130851,SAN LORENZO,1308,MANTA,13,MANABI,-1.08860,-80.87140
130852,SANTA MARIANITA (BOCA DE PACOCHE),1308,MANTA,13,MANABI,-1.01407,-80.84742
130950,MONTECRISTI,1309,MONTECRISTI,13,MANABI,-1.12671,-80.71617
130952,LA PILA,1309,MONTECRISTI,13,MANABI,-1.13661,-80.58820
131050,PAJAN,1310,PAJAN,13,MANABI,-1.55147,-80.46940
131051,CAMPOZANO (LA PALMA DE PAJAN),1310,PAJAN,13,MANABI,-1.62388,-80.37533
131052,CASCOL,1310,PAJAN,13,MANABI,-1.77477,-80.46800
131053,GUALE,1310,PAJAN,13,MANABI,-1.64652,-80.27249
131054,LASCANO,1310,PAJAN,13,MANABI,-1.51898,-80.25053
131150,PICHINCHA,1311,PICHINCHA,13,MANABI,-0.95192,-79.84761
131151,BARRAGANETE,1311,PICHINCHA,13,MANABI,-0.74738,-79.79298
131152,SAN SEBASTIAN,1311,PICHINCHA,13,MANABI,-1.07924,-79.97475
131250,ROCAFUERTE,1312,ROCAFUERTE,13,MANABI,-0.90568,-80.40587
131350,SANTA ANA DE VUELTA LARGA,1313,SANTA ANA,13,MANABI,-1.22507,-80.35906
131351,AYACUCHO,1313,SANTA ANA,13,MANABI,-1.14897,-80.27197
131352,HONORATO VASQUEZ (CAB EN VASQUEZ),1313,SANTA ANA,13,MANABI,-1.10811,-80.13840
131353,LA UNION,1313,SANTA ANA,13,MANABI,-1.22234,-80.17471
131355,SAN PABLO (CAB EN PUEBLO NUEVO),1313,SANTA ANA,13,MANABI,-1.21392,-80.05994
131450,BAHIA DE CARAQUEZ,1314,SUCRE,13,MANABI,-0.68716,-80.40368
131453,CHARAPOTO,1314,SUCRE,13,MANABI,-0.78717,-80.44697
131457,SAN ISIDRO,1314,SUCRE,13,MANABI,-0.36682,-80.20451
131550,TOSAGUA,1315,TOSAGUA,13,MANABI,-0.76916,-80.29632
131551,BACHILLERO,1315,TOSAGUA,13,MANABI,-0.75947,-80.19486
131552,ANGEL PEDRO GILER (LA ESTANCILLA),1315,TOSAGUA,13,MANABI,-0.83597,-80.24657
131650,SUCRE,1316,24 DE MAYO,13,MANABI,-1.30335,-80.42340
131651,BELLAVISTA,1316,24 DE MAYO,13,MANABI,-1.36952,-80.31435
131652,NOBOA,1316,24 DE MAYO,13,MANABI,-1.44846,-80.38619
131653,ARQ. SIXTO DURAN BALLEN,1316,24 DE MAYO,13,MANABI,-1.47675,-80.31274
131750,PEDERNALES,1317,PEDERNALES,13,MANABI,0.07194,-79.85790
131751,COJIMIES,1317,PEDERNALES,13,MANABI,0.22402,-79.86449
131752,10 DE AGOSTO,1317,PEDERNALES,13,MANABI,-0.13418,-80.05019
131753,ATAHUALPA,1317,PEDERNALES,13,MANABI,-0.03679,-79.96143
131850,OLMEDO,1318,OLMEDO,13,MANABI,-1.36159,-80.21384
131950,PUERTO LOPEZ,1319,PUERTO LOPEZ,13,MANABI,-1.59735,-80.73691
131951,MACHALILLA,1319,PUERTO LOPEZ,13,MANABI,-1.46908,-80.73848
131952,SALANGO,1319,PUERTO LOPEZ,13,MANABI,-1.63658,-80.80315
132050,JAMA,1320,JAMA,13,MANABI,-0.22106,-80.23046
132150,JARAMIJO,1321,JARAMIJO,13,MANABI,-0.97533,-80.60433
132250,SAN VICENTE,1322,SAN VICENTE,13,MANABI,-0.55469,-80.32899
132251,CANOA,1322,SAN VICENTE,13,MANABI,-0.41296,-80.38451
140150,MACAS,1401,MORONA,14,MORONA SANTIAGO,-2.29996,-78.14989
140151,ALSHI (CAB EN 9 DE OCTUBRE),1401,MORONA,14,MORONA SANTIAGO,-2.22124,-78.26320
140153,GENERAL PROAÑO,1401,MORONA,14,MORONA SANTIAGO,-2.25140,-78.13807
140156,SAN ISIDRO,1401,MORONA,14,MORONA SANTIAGO,-2.18174,-78.15073
140157,SEVILLA DON BOSCO,1401,MORONA,14,MORONA SANTIAGO,-2.47626,-77.88607
140158,SINAI,1401,MORONA,14,MORONA SANTIAGO,-2.07441,-78.18559
140160,ZUÑA (ZUÑAC),1401,MORONA,14,MORONA SANTIAGO,-2.19496,-78.40379
140162,CUCHAENTZA,1401,MORONA,14,MORONA SANTIAGO,-2.16264,-77.84868
140164,RIO BLANCO,1401,MORONA,14,MORONA SANTIAGO,-2.37956,-78.37794
140250,GUALAQUIZA,1402,GUALAQUIZA,14,MORONA SANTIAGO,-3.32255,-78.56729
140251,AMAZONAS (ROSARIO DE CUYES),1402,GUALAQUIZA,14,MORONA SANTIAGO,-3.43319,-78.78865
140252,BERMEJOS,1402,GUALAQUIZA,14,MORONA SANTIAGO,-3.27787,-78.75958
140253,BOMBOIZA,1402,GUALAQUIZA,14,MORONA SANTIAGO,-3.46637,-78.52948
140254,CHIGUINDA,1402,GUALAQUIZA,14,MORONA SANTIAGO,-3.17008,-78.69447
140255,EL ROSARIO,1402,GUALAQUIZA,14,MORONA SANTIAGO,-3.25065,-78.65247
140256,NUEVA TARQUI,1402,GUALAQUIZA,14,MORONA SANTIAGO,-3.44122,-78.68102
140257,SAN MIGUEL DE CUYES,1402,GUALAQUIZA,14,MORONA SANTIAGO,-3.32335,-78.87157
140258,EL IDEAL,1402,GUALAQUIZA,14,MORONA SANTIAGO,-3.38072,-78.67112
140350,GRAL. LEONIDAS PLAZA GUTIERREZ,1403,LIMON INDANZA,14,MORONA SANTIAGO,-2.98635,-78.53310
140351,INDANZA,1403,LIMON INDANZA,14,MORONA SANTIAGO,-3.05366,-78.47781
140353,SAN ANTONIO (CAB EN SAN ANTONIO CENTRO),1403,LIMON INDANZA,14,MORONA SANTIAGO,-3.12597,-78.24402
140356,SAN MIGUEL DE CONCHAY,1403,LIMON INDANZA,14,MORONA SANTIAGO,-3.13311,-78.40134
140357,STA SUSANA DE CHIVIAZA (CAB EN CHIVIAZA),1403,LIMON INDANZA,14,MORONA SANTIAGO,-2.91776,-78.30117
140358,YUNGANZA (CAB EN EL ROSARIO),1403,LIMON INDANZA,14,MORONA SANTIAGO,-2.88684,-78.46658
140450,PALORA (METZERA),1404,PALORA,14,MORONA SANTIAGO,-1.69567,-77.99436
140451,ARAPICOS,1404,PALORA,14,MORONA SANTIAGO,-1.83232,-78.03451
140452,CUMANDA (CAB EN COLONIA AGRICOLA SEVILLA DEL ORO),1404,PALORA,14,MORONA SANTIAGO,-1.59225,-78.19449
140454,SANGAY (CAB EN NAYAMANACA),1404,PALORA,14,MORONA SANTIAGO,-1.76495,-78.03837
140455,16 DE AGOSTO,1404,PALORA,14,MORONA SANTIAGO,-1.77393,-77.89339
140550,SANTIAGO DE MENDEZ,1405,SANTIAGO,14,MORONA SANTIAGO,-2.61330,-78.39746
140551,COPAL,1405,SANTIAGO,14,MORONA SANTIAGO,-2.76560,-78.49611
140552,CHUPIANZA,1405,SANTIAGO,14,MORONA SANTIAGO,-2.77836,-78.38818
140553,PATUCA,1405,SANTIAGO,14,MORONA SANTIAGO,-2.84201,-78.21221
140554,SAN LUIS DE EL ACHO (CAB EN EL ACHO),1405,SANTIAGO,14,MORONA SANTIAGO,-2.79030,-78.32532
140556,TAYUZA,1405,SANTIAGO,14,MORONA SANTIAGO,-2.65933,-78.27531
140557,SAN FRANCISCO DE CHINIMBIMI,1405,SANTIAGO,14,MORONA SANTIAGO,-2.71403,-78.19162
140650,SUCUA,1406,SUCUA,14,MORONA SANTIAGO,-2.45337,-78.19959
140651,ASUNCION,1406,SUCUA,14,MORONA SANTIAGO,-2.52616,-78.31138
140652,HUAMBI,1406,SUCUA,14,MORONA SANTIAGO,-2.56381,-78.12580
140655,SANTA MARIANITA DE JESUS,1406,SUCUA,14,MORONA SANTIAGO,-2.39484,-78.19835
140750,HUAMBOYA,1407,HUAMBOYA,14,MORONA SANTIAGO,-1.91658,-77.91464
140751,CHIGUAZA,1407,HUAMBOYA,14,MORONA SANTIAGO,-2.01016,-77.97251
140850,SAN JUAN BOSCO,1408,SAN JUAN BOSCO,14,MORONA SANTIAGO,-3.14519,-78.55968
140851,PAN DE AZUCAR,1408,SAN JUAN BOSCO,14,MORONA SANTIAGO,-3.06857,-78.53233
140852,SAN CARLOS DE LIMON,1408,SAN JUAN BOSCO,14,MORONA SANTIAGO,-3.31112,-78.29339
140853,SAN JACINTO DE WAKAMBEIS,1408,SAN JUAN BOSCO,14,MORONA SANTIAGO,-3.28379,-78.49319
140854,SANTIAGO DE PANANZA,1408,SAN JUAN BOSCO,14,MORONA SANTIAGO,-3.20036,-78.47993
140950,TAISHA,1409,TAISHA,14,MORONA SANTIAGO,-2.38859,-77.51767
140951,HUASAGA (CAB EN WAMPUIK),1409,TAISHA,14,MORONA SANTIAGO,-2.52618,-77.04230
140952,MACUMA,1409,TAISHA,14,MORONA SANTIAGO,-2.15275,-77.65453
140953,TUUTINENTZA,1409,TAISHA,14,MORONA SANTIAGO,-2.69376,-77.51196
140954,PUMPUENTSA,1409,TAISHA,14,MORONA SANTIAGO,-2.62143,-77.27241
141050,LOGROÑO,1410,LOGROÐO,14,MORONA SANTIAGO,-2.60493,-78.21995
141051,YAUPI,1410,LOGROÐO,14,MORONA SANTIAGO,-2.80898,-78.00716
141052,SHIMPIS,1410,LOGROÐO,14,MORONA SANTIAGO,-2.66389,-78.11692
141150,PABLO SEXTO,1411,PABLO SEXTO,14,MORONA SANTIAGO,-1.85849,-78.27579
141250,SANTIAGO,1412,TIWINTZA,14,MORONA SANTIAGO,-3.03296,-78.04067
141251,SAN JOSE DE MORONA,1412,TIWINTZA,14,MORONA SANTIAGO,-2.89000,-77.74920
150150,TENA,1501,TENA,15,NAPO,-0.97773,-77.80896
150151,AHUANO,1501,TENA,15,NAPO,-1.01383,-77.54458
150153,CHONTAPUNTA,1501,TENA,15,NAPO,-0.94511,-77.27277
150154,PANO,1501,TENA,15,NAPO,-0.91391,-78.15846
150155,PUERTO MISAHUALLI,1501,TENA,15,NAPO,-0.96921,-77.65555
150156,PUERTO NAPO,1501,TENA,15,NAPO,-1.08465,-77.74747
150157,TALAG,1501,TENA,15,NAPO,-1.05315,-78.17374
150158,SAN JUAN DE MUYUNA,1501,TENA,15,NAPO,-0.92391,-77.91708
150350,ARCHIDONA,1503,ARCHIDONA,15,NAPO,-0.73274,-78.18247
150352,COTUNDO,1503,ARCHIDONA,15,NAPO,-0.70742,-77.88117
150354,SAN PABLO DE USHPAYACU,1503,ARCHIDONA,15,NAPO,-0.90221,-77.72280
150356,HATUN SUMAKU,1503,ARCHIDONA,15,NAPO,-0.66064,-77.61236
150450,EL CHACO,1504,EL CHACO,15,NAPO,-0.33978,-77.80266
150451,GONZALO DIAZ DE PINEDA (EL BOMBON),1504,EL CHACO,15,NAPO,-0.25899,-77.51025
150452,LINARES,1504,EL CHACO,15,NAPO,-0.40775,-77.67388
150453,OYACACHI,1504,EL CHACO,15,NAPO,-0.18519,-77.95648
150454,SANTA ROSA,1504,EL CHACO,15,NAPO,-0.21087,-77.79239
150455,SARDINAS,1504,EL CHACO,15,NAPO,-0.36824,-77.89110
150750,BAEZA,1507,QUIJOS,15,NAPO,-0.49045,-77.96505
150751,COSANGA,1507,QUIJOS,15,NAPO,-0.57875,-77.95900
150752,CUYUJA,1507,QUIJOS,15,NAPO,-0.42311,-78.06534
150753,PAPALLACTA,1507,QUIJOS,15,NAPO,-0.36686,-78.15723
150754,SAN FRANCISCO DE BORJA (VIRGILIO DAVILA),1507,QUIJOS,15,NAPO,-0.43385,-77.87064
150756,SUMACO,1507,QUIJOS,15,NAPO,-0.48593,-77.71587
150950,CARLOS JULIO AROSEMENA TOLA,1509,CARLOS JULIO AROSEMENA TOLA,15,NAPO,-1.16401,-77.93996
160150,PUYO,1601,PASTAZA,16,PASTAZA,-1.47073,-77.98582
160152,CANELOS,1601,PASTAZA,16,PASTAZA,-1.57535,-77.72000
160154,DIEZ DE AGOSTO,1601,PASTAZA,16,PASTAZA,-1.43896,-77.87513
160155,FATIMA,1601,PASTAZA,16,PASTAZA,-1.41538,-77.98359
160156,MONTALVO (ANDOAS),1601,PASTAZA,16,PASTAZA,-1.93436,-76.91529
160157,POMONA,1601,PASTAZA,16,PASTAZA,-1.64534,-77.89188
160158,RIO CORRIENTES,1601,PASTAZA,16,PASTAZA,-2.33783,-76.56264
160159,RIO TIGRE,1601,PASTAZA,16,PASTAZA,-1.90289,-76.25124
160161,SARAYACU,1601,PASTAZA,16,PASTAZA,-1.80198,-77.43369
160162,SIMON BOLIVAR (CAB. EN MUSHULLACTA),1601,PASTAZA,16,PASTAZA,-1.89608,-77.68889
160163,TARQUI,1601,PASTAZA,16,PASTAZA,-1.57118,-77.96265
160164,TENIENTE HUGO ORTIZ,1601,PASTAZA,16,PASTAZA,-1.36300,-77.93582
160165,VERACRUZ (INDILLAMA) (CAB. EN INDILLAMA),1601,PASTAZA,16,PASTAZA,-1.52976,-77.88772
160166,EL TRIUNFO,1601,PASTAZA,16,PASTAZA,-1.43169,-77.76953
160250,MERA,1602,MERA,16,PASTAZA,-1.33840,-78.06360
160251,MADRE TIERRA,1602,MERA,16,PASTAZA,-1.60493,-78.00590
160252,SHELL,1602,MERA,16,PASTAZA,-1.49082,-78.05608
160350,SANTA CLARA,1603,SANTA CLARA,16,PASTAZA,-1.25620,-77.85923
160351,SAN JOSE,1603,SANTA CLARA,16,PASTAZA,-1.33526,-77.88237
160450,ARAJUNO,1604,ARAJUNO,16,PASTAZA,-1.25941,-77.65677
160451,CURARAY,1604,ARAJUNO,16,PASTAZA,-1.35353,-76.69430
170150,QUITO,1701,QUITO,17,PICHINCHA,-0.21188,-78.52293
170151,ALANGASI,1701,QUITO,17,PICHINCHA,-0.29610,-78.42936
170152,AMAGUAÑA,1701,QUITO,17,PICHINCHA,-0.38193,-78.49093
170153,ATAHUALPA (HABASPAMBA),1701,QUITO,17,PICHINCHA,0.14860,-78.34245
170154,CALACALI,1701,QUITO,17,PICHINCHA,0.04591,-78.52385
170155,CALDERON (CARAPUNGO),1701,QUITO,17,PICHINCHA,-0.08539,-78.41599
170156,CONOCOTO,1701,QUITO,17,PICHINCHA,-0.28683,-78.48123
170157,CUMBAYA,1701,QUITO,17,PICHINCHA,-0.20878,-78.43631
170158,CHAVEZPAMBA,1701,QUITO,17,PICHINCHA,0.12471,-78.40145
170159,CHECA (CHILPA),1701,QUITO,17,PICHINCHA,-0.16300,-78.26260
170160,EL QUINCHE,1701,QUITO,17,PICHINCHA,-0.11745,-78.26621
170161,GUALEA,1701,QUITO,17,PICHINCHA,0.11739,-78.76082
170162,GUANGOPOLO,1701,QUITO,17,PICHINCHA,-0.25280,-78.43731
170163,GUAYLLABAMBA,1701,QUITO,17,PICHINCHA,-0.05402,-78.34301
170164,LA MERCED,1701,QUITO,17,PICHINCHA,-0.29411,-78.39037
170165,LLANO CHICO,1701,QUITO,17,PICHINCHA,-0.13245,-78.43851
170166,LLOA,1701,QUITO,17,PICHINCHA,-0.21373,-78.68726
170168,NANEGAL,1701,QUITO,17,PICHINCHA,0.11582,-78.63168
170169,NANEGALITO,1701,QUITO,17,PICHINCHA,0.04722,-78.71451
170170,NAYON,1701,QUITO,17,PICHINCHA,-0.17048,-78.43082
170171,NONO,1701,QUITO,17,PICHINCHA,-0.05280,-78.59844
170172,PACTO,1701,QUITO,17,PICHINCHA,0.15634,-78.84425
170174,PERUCHO,1701,QUITO,17,PICHINCHA,0.11392,-78.41865
170175,PIFO,1701,QUITO,17,PICHINCHA,-0.28148,-78.26715
170176,PINTAG,1701,QUITO,17,PICHINCHA,-0.44735,-78.33654
170177,POMASQUI,1701,QUITO,17,PICHINCHA,-0.04842,-78.46030
170178,PUELLARO,1701,QUITO,17,PICHINCHA,0.07822,-78.38373
170179,PUEMBO,1701,QUITO,17,PICHINCHA,-0.16788,-78.36948
170180,SAN ANTONIO,1701,QUITO,17,PICHINCHA,0.03421,-78.44555
170181,SAN JOSE DE MINAS,1701,QUITO,17,PICHINCHA,0.18921,-78.49030
170183,TABABELA,1701,QUITO,17,PICHINCHA,-0.14068,-78.35471
170184,TUMBACO,1701,QUITO,17,PICHINCHA,-0.21987,-78.39483
170185,YARUQUI,1701,QUITO,17,PICHINCHA,-0.19159,-78.29959
170186,ZAMBIZA,1701,QUITO,17,PICHINCHA,-0.14437,-78.41847
170250,CAYAMBE,1702,CAYAMBE,17,PICHINCHA,-0.03394,-78.04824
170251,ASCAZUBI,1702,CAYAMBE,17,PICHINCHA,-0.07623,-78.26357
170252,CANGAHUA,1702,CAYAMBE,17,PICHINCHA,-0.09065,-78.14643
170253,OLMEDO (PESILLO),1702,CAYAMBE,17,PICHINCHA,0.07158,-77.98291
170254,OTON,1702,CAYAMBE,17,PICHINCHA,-0.02116,-78.25388
170255,SANTA ROSA DE CUZUBAMBA,1702,CAYAMBE,17,PICHINCHA,-0.03492,-78.27944
170256,SAN JOSE DE AYORA,1702,CAYAMBE,17,PICHINCHA,0.07495,-78.10079
170350,MACHACHI,1703,MEJIA,17,PICHINCHA,-0.57600,-78.46391
170351,ALOAG,1703,MEJIA,17,PICHINCHA,-0.45332,-78.64830
170352,ALOASI,1703,MEJIA,17,PICHINCHA,-0.54185,-78.61200
170353,CUTUGLAHUA,1703,MEJIA,17,PICHINCHA,-0.37145,-78.56674
170354,EL CHAUPI,1703,MEJIA,17,PICHINCHA,-0.59665,-78.68493
170355,MANUEL CORNEJO ASTORGA (TANDAPI),1703,MEJIA,17,PICHINCHA,-0.41057,-78.78413
170356,TAMBILLO,1703,MEJIA,17,PICHINCHA,-0.41240,-78.55972
170357,UYUMBICHO,1703,MEJIA,17,PICHINCHA,-0.40783,-78.51673
170450,TABACUNDO,1704,PEDRO MONCAYO,17,PICHINCHA,0.05551,-78.21524
170451,LA ESPERANZA,1704,PEDRO MONCAYO,17,PICHINCHA,0.05680,-78.25691
170452,MALCHINGUI,1704,PEDRO MONCAYO,17,PICHINCHA,0.02861,-78.35607
170453,TOCACHI,1704,PEDRO MONCAYO,17,PICHINCHA,0.05071,-78.29955
170454,TUPIGACHI,1704,PEDRO MONCAYO,17,PICHINCHA,0.09727,-78.19372
170550,SANGOLQUI,1705,RUMIÐAHUI,17,PICHINCHA,-0.35501,-78.43608
170551,COTOGCHOA,1705,RUMIÐAHUI,17,PICHINCHA,-0.40899,-78.45655
170552,RUMIPAMBA,1705,RUMIÐAHUI,17,PICHINCHA,-0.45592,-78.44088
170750,SAN MIGUEL DE LOS BANCOS,1707,SAN MIGUEL DE LOS BANCOS,17,PICHINCHA,-0.02813,-78.96346
170751,MINDO,1707,SAN MIGUEL DE LOS BANCOS,17,PICHINCHA,-0.05971,-78.74284
170850,PEDRO VICENTE MALDONADO,1708,PEDRO VICENTE MALDONADO,17,PICHINCHA,0.14903,-79.05797
170950,PUERTO QUITO,1709,PUERTO QUITO,17,PICHINCHA,0.15581,-79.23928
180150,AMBATO,1801,AMBATO,18,TUNGURAHUA,-1.25730,-78.61416
180151,AMBATILLO,1801,AMBATO,18,TUNGURAHUA,-1.22048,-78.66165
180152,ATAHUALPA (CHISALATA),1801,AMBATO,18,TUNGURAHUA,-1.20421,-78.60298
180153,AUGUSTO N. MARTINEZ (MUNDUGLEO),1801,AMBATO,18,TUNGURAHUA,-1.16723,-78.62956
180154,CONSTANTINO FERNANDEZ (CAB. EN CULLITAHUA),1801,AMBATO,18,TUNGURAHUA,-1.19222,-78.64234
180155,HUACHI GRANDE,1801,AMBATO,18,TUNGURAHUA,-1.30843,-78.63923
180156,IZAMBA,1801,AMBATO,18,TUNGURAHUA,-1.21750,-78.57258
180157,JUAN BENIGNO VELA,1801,AMBATO,18,TUNGURAHUA,-1.33631,-78.72060
180158,MONTALVO,1801,AMBATO,18,TUNGURAHUA,-1.32556,-78.62297
180159,PASA,1801,AMBATO,18,TUNGURAHUA,-1.24080,-78.73838
180160,PICAIGUA,1801,AMBATO,18,TUNGURAHUA,-1.27698,-78.57842
180161,PILAGUIN (PILAHUIN),1801,AMBATO,18,TUNGURAHUA,-1.34720,-78.83536
180162,QUISAPINCHA (QUIZAPINCHA),1801,AMBATO,18,TUNGURAHUA,-1.19255,-78.71641
180163,SAN BARTOLOME DE PINLLOG,1801,AMBATO,18,TUNGURAHUA,-1.20687,-78.65288
180164,SAN FERNANDO (PASA SAN FERNANDO),1801,AMBATO,18,TUNGURAHUA,-1.22071,-78.80031
180165,SANTA ROSA,1801,AMBATO,18,TUNGURAHUA,-1.30215,-78.67610
180166,TOTORAS,1801,AMBATO,18,TUNGURAHUA,-1.30816,-78.60620
180167,CUNCHIBAMBA,1801,AMBATO,18,TUNGURAHUA,-1.13265,-78.59374
180168,UNAMUNCHO,1801,AMBATO,18,TUNGURAHUA,-1.16666,-78.58910
180250,BAÑOS DE AGUA SANTA,1802,BAÑOS DE AGUA SANTA,18,TUNGURAHUA,-1.42510,-78.42519
180251,LLIGUA,1802,BAÑOS DE AGUA SANTA,18,TUNGURAHUA,-1.37903,-78.44958
180252,RIO NEGRO,1802,BAÑOS DE AGUA SANTA,18,TUNGURAHUA,-1.30210,-78.21626
180253,RIO VERDE,1802,BAÑOS DE AGUA SANTA,18,TUNGURAHUA,-1.37355,-78.31986
180254,ULBA,1802,BAÑOS DE AGUA SANTA,18,TUNGURAHUA,-1.38441,-78.37337
180350,CEVALLOS,1803,CEVALLOS,18,TUNGURAHUA,-1.35031,-78.61251
180450,MOCHA,1804,MOCHA,18,TUNGURAHUA,-1.41896,-78.69855
180451,PINGUILI,1804,MOCHA,18,TUNGURAHUA,-1.39234,-78.62508
180550,PATATE,1805,PATATE,18,TUNGURAHUA,-1.33146,-78.47669
180551,EL TRIUNFO,1805,PATATE,18,TUNGURAHUA,-1.31144,-78.41134
180552,LOS ANDES (CAB. EN POATUG),1805,PATATE,18,TUNGURAHUA,-1.24739,-78.48736
180553,SUCRE (CAB. EN SUCRE-PATATE URCU),1805,PATATE,18,TUNGURAHUA,-1.23485,-78.39752
180650,QUERO,1806,QUERO,18,TUNGURAHUA,-1.43291,-78.58698
180651,RUMIPAMBA,1806,QUERO,18,TUNGURAHUA,-1.45235,-78.63419
180652,YANAYACU - MOCHAPATA (CAB. EN YANAYACU),1806,QUERO,18,TUNGURAHUA,-1.46864,-78.67848
180750,PELILEO,1807,SAN PEDRO DE PELILEO,18,TUNGURAHUA,-1.34838,-78.52856
180751,BENITEZ (PACHANLICA),1807,SAN PEDRO DE PELILEO,18,TUNGURAHUA,-1.34091,-78.58390
180752,BOLIVAR,1807,SAN PEDRO DE PELILEO,18,TUNGURAHUA,-1.38690,-78.55180
180753,COTALO,1807,SAN PEDRO DE PELILEO,18,TUNGURAHUA,-1.43855,-78.50601
180754,CHIQUICHA (CAB. EN CHIQUICHA GRANDE),1807,SAN PEDRO DE PELILEO,18,TUNGURAHUA,-1.25288,-78.53572
180755,EL ROSARIO (RUMICHACA),1807,SAN PEDRO DE PELILEO,18,TUNGURAHUA,-1.28057,-78.55446
180756,GARCIA MORENO (CHUMAQUI),1807,SAN PEDRO DE PELILEO,18,TUNGURAHUA,-1.30346,-78.54095
180757,GUAMBALO (HUAMBALO),1807,SAN PEDRO DE PELILEO,18,TUNGURAHUA,-1.39744,-78.52714
180758,SALASACA,1807,SAN PEDRO DE PELILEO,18,TUNGURAHUA,-1.31676,-78.57533
180850,PILLARO,1808,SANTIAGO DE PILLARO,18,TUNGURAHUA,-1.15493,-78.51120
180851,BAQUERIZO MORENO,1808,SANTIAGO DE PILLARO,18,TUNGURAHUA,-1.21225,-78.46752
180852,EMILIO MARIA TERAN (RUMIPAMBA),1808,SANTIAGO DE PILLARO,18,TUNGURAHUA,-1.21178,-78.50114
180853,MARCOS ESPINEL (CHACATA),1808,SANTIAGO DE PILLARO,18,TUNGURAHUA,-1.15227,-78.42117
180854,PRESIDENTE URBINA (CHAGRAPAMBA -PATZUCUL),1808,SANTIAGO DE PILLARO,18,TUNGURAHUA,-1.14559,-78.55665
180855,SAN ANDRES,1808,SANTIAGO DE PILLARO,18,TUNGURAHUA,-1.09705,-78.53572
180856,SAN JOSE DE POALO,1808,SANTIAGO DE PILLARO,18,TUNGURAHUA,-1.07104,-78.40349
180857,SAN MIGUELITO,1808,SANTIAGO DE PILLARO,18,TUNGURAHUA,-1.20346,-78.52729
180950,TISALEO,1809,TISALEO,18,TUNGURAHUA,-1.35042,-78.66779
180951,QUINCHICOTO,1809,TISALEO,18,TUNGURAHUA,-1.38319,-78.69251
190150,ZAMORA,1901,ZAMORA,19,ZAMORA CHINCHIPE,-4.15813,-79.00190
190151,CUMBARATZA,1901,ZAMORA,19,ZAMORA CHINCHIPE,-3.97877,-78.87341
190152,GUADALUPE,1901,ZAMORA,19,ZAMORA CHINCHIPE,-3.86978,-78.91274
190153,IMBANA (LA VICTORIA DE IMBANA),1901,ZAMORA,19,ZAMORA CHINCHIPE,-3.84245,-79.09215
190155,SABANILLA,1901,ZAMORA,19,ZAMORA CHINCHIPE,-4.00516,-79.06190
190156,TIMBARA,1901,ZAMORA,19,ZAMORA CHINCHIPE,-4.10185,-78.89620
190158,SAN CARLOS DE LAS MINAS,1901,ZAMORA,19,ZAMORA CHINCHIPE,-4.06327,-78.81131
190250,ZUMBA,1902,CHINCHIPE,19,ZAMORA CHINCHIPE,-4.85131,-79.18251
190251,CHITO,1902,CHINCHIPE,19,ZAMORA CHINCHIPE,-4.87164,-79.00777
190252,EL CHORRO,1902,CHINCHIPE,19,ZAMORA CHINCHIPE,-4.91245,-79.09604
190254,LA CHONTA,1902,CHINCHIPE,19,ZAMORA CHINCHIPE,-4.94912,-79.08881
190256,PUCAPAMBA,1902,CHINCHIPE,19,ZAMORA CHINCHIPE,-4.95006,-79.12280
190259,SAN ANDRES,1902,CHINCHIPE,19,ZAMORA CHINCHIPE,-4.80155,-79.32461
190350,GUAYZIMI,1903,NANGARITZA,19,ZAMORA CHINCHIPE,-4.07000,-78.67653
190351,ZURMI,1903,NANGARITZA,19,ZAMORA CHINCHIPE,-4.25087,-78.74605
190352,NUEVO PARAISO,1903,NANGARITZA,19,ZAMORA CHINCHIPE,-4.48922,-78.79627
190450,28 DE MAYO (SAN JOSE DE YACUAMBI),1904,YACUAMBI,19,ZAMORA CHINCHIPE,-3.64073,-78.97960
190451,LA PAZ,1904,YACUAMBI,19,ZAMORA CHINCHIPE,-3.75167,-78.95295
190452,TUTUPALI,1904,YACUAMBI,19,ZAMORA CHINCHIPE,-3.46943,-78.96326
190550,YANTZAZA (YANZATZA),1905,YANTZAZA,19,ZAMORA CHINCHIPE,-3.77601,-78.77145
190551,CHICAÑA,1905,YANTZAZA,19,ZAMORA CHINCHIPE,-3.64930,-78.74929
190553,LOS ENCUENTROS,1905,YANTZAZA,19,ZAMORA CHINCHIPE,-3.78571,-78.55619
190650,EL PANGUI,1906,EL PANGUI,19,ZAMORA CHINCHIPE,-3.62808,-78.59692
190651,EL GUISME,1906,EL PANGUI,19,ZAMORA CHINCHIPE,-3.56976,-78.58703
190652,PACHICUTZA,1906,EL PANGUI,19,ZAMORA CHINCHIPE,-3.68446,-78.59337
190653,TUNDAYME,1906,EL PANGUI,19,ZAMORA CHINCHIPE,-3.60907,-78.45100
190750,ZUMBI,1907,CENTINELA DEL CONDOR,19,ZAMORA CHINCHIPE,-3.95641,-78.74462
190752,TRIUNFO-DORADO,1907,CENTINELA DEL CONDOR,19,ZAMORA CHINCHIPE,-3.91347,-78.70669
190753,PANGUINTZA,1907,CENTINELA DEL CONDOR,19,ZAMORA CHINCHIPE,-3.88566,-78.81640
190850,PALANDA,1908,PALANDA,19,ZAMORA CHINCHIPE,-4.65902,-79.23339
190851,EL PORVENIR DEL CARMEN,1908,PALANDA,19,ZAMORA CHINCHIPE,-4.48431,-79.01495
190852,SAN FRANCISCO DEL VERGEL,1908,PALANDA,19,ZAMORA CHINCHIPE,-4.71169,-79.02509
190853,VALLADOLID,1908,PALANDA,19,ZAMORA CHINCHIPE,-4.46236,-79.14358
190854,LA CANELA,1908,PALANDA,19,ZAMORA CHINCHIPE,-4.68004,-78.92417
190950,PAQUISHA,1909,PAQUISHA,19,ZAMORA CHINCHIPE,-3.92195,-78.58314
190951,BELLAVISTA,1909,PAQUISHA,19,ZAMORA CHINCHIPE,-3.88001,-78.61735
190952,NUEVO QUITO,1909,PAQUISHA,19,ZAMORA CHINCHIPE,-4.00887,-78.60237
200150,PUERTO BAQUERIZO MORENO,2001,SAN CRISTOBAL,20,GALAPAGOS,-0.90926,-89.61421
200151,EL PROGRESO,2001,SAN CRISTOBAL,20,GALAPAGOS,-0.82578,-89.42883
200152,ISLA SANTA MARÍA (FLOREANA) (CAB. EN  PTO. VELASCO IBARRA),2001,SAN CRISTOBAL,20,GALAPAGOS,-1.18477,-90.20614
200250,PUERTO VILLAMIL,2002,ISABELA,20,GALAPAGOS,-0.95035,-90.96722
200251,TOMAS DE BERLANGA (SANTO TOMAS),2002,ISABELA,20,GALAPAGOS,-0.53759,-91.22369
200350,PUERTO AYORA,2003,SANTA CRUZ,20,GALAPAGOS,-0.74147,-90.31467
200351,BELLAVISTA,2003,SANTA CRUZ,20,GALAPAGOS,-0.34772,-90.52353
200352,SANTA ROSA,2003,SANTA CRUZ,20,GALAPAGOS,-0.48434,-90.44834
210150,NUEVA LOJA,2101,LAGO AGRIO,21,SUCUMBIOS,0.12620,-76.90807
210152,DURENO,2101,LAGO AGRIO,21,SUCUMBIOS,0.00609,-76.68761
210153,GENERAL FARFAN,2101,LAGO AGRIO,21,SUCUMBIOS,0.17967,-76.74369
210155,EL ENO,2101,LAGO AGRIO,21,SUCUMBIOS,-0.04468,-76.87175
210156,PACAYACU,2101,LAGO AGRIO,21,SUCUMBIOS,0.11239,-76.49482
210157,JAMBELI,2101,LAGO AGRIO,21,SUCUMBIOS,0.23330,-77.10307
210158,SANTA CECILIA,2101,LAGO AGRIO,21,SUCUMBIOS,0.07743,-76.98718
210160,10 DE AGOSTO,2101,LAGO AGRIO,21,SUCUMBIOS,0.18579,-76.89999
210250,LUMBAQUI,2102,GONZALO PIZARRO,21,SUCUMBIOS,0.06603,-77.39843
210251,EL REVENTADOR,2102,GONZALO PIZARRO,21,SUCUMBIOS,0.07288,-77.73045
210252,GONZALO PIZARRO,2102,GONZALO PIZARRO,21,SUCUMBIOS,-0.05822,-77.37668
210254,PUERTO LIBRE,2102,GONZALO PIZARRO,21,SUCUMBIOS,0.14880,-77.54582
210350,PUERTO EL CARMEN DEL PUTUMAYO,2103,PUTUMAYO,21,SUCUMBIOS,0.02820,-75.83854
210351,PALMA ROJA,2103,PUTUMAYO,21,SUCUMBIOS,0.10724,-76.20876
210352,PUERTO BOLIVAR (PUERTO MONTUFAR),2103,PUTUMAYO,21,SUCUMBIOS,-0.04549,-76.02810
210353,PUERTO RODRIGUEZ,2103,PUTUMAYO,21,SUCUMBIOS,-0.10375,-75.45024
210354,SANTA ELENA,2103,PUTUMAYO,21,SUCUMBIOS,0.32536,-76.26815
210450,SHUSHUFINDI,2104,SHUSHUFINDI,21,SUCUMBIOS,-0.15343,-76.62367
210451,LIMONCOCHA,2104,SHUSHUFINDI,21,SUCUMBIOS,-0.38613,-76.52137
210452,PAÑACOCHA,2104,SHUSHUFINDI,21,SUCUMBIOS,-0.41626,-76.05699
210453,SAN ROQUE (CAB. EN SAN VICENTE),2104,SHUSHUFINDI,21,SUCUMBIOS,-0.31670,-76.39683
210454,SAN PEDRO DE LOS COFANES,2104,SHUSHUFINDI,21,SUCUMBIOS,-0.15178,-76.84045
210455,SIETE DE JULIO,2104,SHUSHUFINDI,21,SUCUMBIOS,-0.17524,-76.76325
210550,LA BONITA,2105,SUCUMBIOS,21,SUCUMBIOS,0.50765,-77.56622
210551,EL PLAYON DE SAN FRANCISCO,2105,SUCUMBIOS,21,SUCUMBIOS,0.53011,-77.67212
210552,LA SOFIA,2105,SUCUMBIOS,21,SUCUMBIOS,0.32590,-77.68739
210553,ROSA FLORIDA,2105,SUCUMBIOS,21,SUCUMBIOS,0.34738,-77.51023
210554,SANTA BARBARA,2105,SUCUMBIOS,21,SUCUMBIOS,0.60447,-77.52428
210650,EL DORADO DE CASCALES,2106,CASCALES,21,SUCUMBIOS,0.14989,-77.24590
210651,SANTA ROSA DE SUCUMBIOS,2106,CASCALES,21,SUCUMBIOS,0.16882,-77.13947
210652,SEVILLA,2106,CASCALES,21,SUCUMBIOS,0.09311,-77.14839
210750,TARAPOA,2107,CUYABENO,21,SUCUMBIOS,-0.19050,-76.25594
210751,CUYABENO,2107,CUYABENO,21,SUCUMBIOS,-0.35574,-75.63279
210752,AGUAS NEGRAS,2107,CUYABENO,21,SUCUMBIOS,-0.11948,-76.17944
220150,PUERTO FRANCISCO DE ORELLANA (EL COCA),2201,ORELLANA,22,ORELLANA,-0.43967,-76.98903
220151,DAYUMA,2201,ORELLANA,22,ORELLANA,-0.71259,-76.77729
220152,TARACOA (NUEVA ESPERANZA: YUCA),2201,ORELLANA,22,ORELLANA,-0.54342,-76.78219
220153,ALEJANDRO LABAKA,2201,ORELLANA,22,ORELLANA,-0.60669,-76.50303
220154,EL DORADO,2201,ORELLANA,22,ORELLANA,-0.53262,-76.92148
220155,EL EDEN,2201,ORELLANA,22,ORELLANA,-0.56799,-76.19348
220156,GARCIA MORENO,2201,ORELLANA,22,ORELLANA,-0.56789,-77.02122
220157,INES ARANGO (CAB. EN WESTERN),2201,ORELLANA,22,ORELLANA,-0.97654,-76.82415
220158,LA BELLEZA,2201,ORELLANA,22,ORELLANA,-0.77222,-77.07168
220159,NUEVO PARAISO (CAB. EN UNION ),2201,ORELLANA,22,ORELLANA,-0.33681,-77.11693
220160,SAN JOSE DE GUAYUSA,2201,ORELLANA,22,ORELLANA,-0.18296,-77.17511
220161,SAN LUIS DE ARMENIA,2201,ORELLANA,22,ORELLANA,-0.41182,-77.15822
220250,NUEVO ROCAFUERTE,2202,AGUARICO,22,ORELLANA,-1.01042,-75.59960
220251,CAPITAN AUGUSTO RIVADENEYRA,2202,AGUARICO,22,ORELLANA,-0.56147,-75.80947
220252,CONONACO,2202,AGUARICO,22,ORELLANA,-1.05318,-76.07212
220253,SANTA MARIA DE HUIRIRIMA,2202,AGUARICO,22,ORELLANA,-0.65267,-75.64444
220254,TIPUTINI,2202,AGUARICO,22,ORELLANA,-0.79171,-75.67132
220255,YASUNI,2202,AGUARICO,22,ORELLANA,-0.76720,-75.35005
220350,LA JOYA DE LOS SACHAS,2203,LA JOYA DE LOS SACHAS,22,ORELLANA,-0.30901,-76.84419
220351,ENOKANQUI,2203,LA JOYA DE LOS SACHAS,22,ORELLANA,-0.22838,-76.83861
220352,POMPEYA,2203,LA JOYA DE LOS SACHAS,22,ORELLANA,-0.41636,-76.68209
220353,SAN CARLOS,2203,LA JOYA DE LOS SACHAS,22,ORELLANA,-0.39809,-76.89242
220354,SAN SEBASTIAN DEL COCA,2203,LA JOYA DE LOS SACHAS,22,ORELLANA,-0.22359,-77.02274
220355,LAGO SAN PEDRO,2203,LA JOYA DE LOS SACHAS,22,ORELLANA,-0.24557,-76.92619
220356,RUMIPAMBA,2203,LA JOYA DE LOS SACHAS,22,ORELLANA,-0.10193,-76.95874
220357,TRES DE NOVIEMBRE,2203,LA JOYA DE LOS SACHAS,22,ORELLANA,-0.16515,-76.92675
220358,UNION MILAGREÑA,2203,LA JOYA DE LOS SACHAS,22,ORELLANA,-0.38869,-76.77899
220450,LORETO,2204,LORETO,22,ORELLANA,-0.65549,-77.27980
220451,AVILA (CAB. EN HUIRUNO),2204,LORETO,22,ORELLANA,-0.66750,-77.37813
220452,PUERTO MURIALDO,2204,LORETO,22,ORELLANA,-0.64968,-77.16730
220453,SAN JOSE DE PAYAMINO,2204,LORETO,22,ORELLANA,-0.51520,-77.31911
220454,SAN JOSE DE DAHUANO,2204,LORETO,22,ORELLANA,-0.82227,-77.41593
220455,SAN VICENTE DE HUATICOCHA,2204,LORETO,22,ORELLANA,-0.67889,-77.51071
230150,SANTO DOMINGO DE LOS COLORADOS,2301,SANTO DOMINGO,23,SANTO DOMINGO DE LOS TSACHILAS,-0.22565,-79.14450
230151,ALLURIQUIN,2301,SANTO DOMINGO,23,SANTO DOMINGO DE LOS TSACHILAS,-0.29419,-78.94461
230152,PUERTO LIMON,2301,SANTO DOMINGO,23,SANTO DOMINGO DE LOS TSACHILAS,-0.35476,-79.35837
230153,LUZ DE AMERICA,2301,SANTO DOMINGO,23,SANTO DOMINGO DE LOS TSACHILAS,-0.46291,-79.33881
230154,SAN JACINTO DEL BUA,2301,SANTO DOMINGO,23,SANTO DOMINGO DE LOS TSACHILAS,-0.14708,-79.41731
230155,VALLE HERMOSO,2301,SANTO DOMINGO,23,SANTO DOMINGO DE LOS TSACHILAS,-0.06489,-79.24217
230156,EL ESFUERZO,2301,SANTO DOMINGO,23,SANTO DOMINGO DE LOS TSACHILAS,-0.46182,-79.20689
230157,SANTA MARIA DEL TOACHI,2301,SANTO DOMINGO,23,SANTO DOMINGO DE LOS TSACHILAS,-0.58387,-79.23276
240150,SANTA ELENA,2401,SANTA ELENA,24,SANTA ELENA,-2.22113,-80.70813
240151,ATAHUALPA,2401,SANTA ELENA,24,SANTA ELENA,-2.31918,-80.77259
240152,COLONCHE,2401,SANTA ELENA,24,SANTA ELENA,-2.03132,-80.56549
240153,CHANDUY,2401,SANTA ELENA,24,SANTA ELENA,-2.36252,-80.52057
240154,MANGLARALTO,2401,SANTA ELENA,24,SANTA ELENA,-1.79283,-80.69322
240155,SIMON BOLIVAR (JULIO MORENO),2401,SANTA ELENA,24,SANTA ELENA,-2.17416,-80.36254
240156,SAN JOSE DE ANCON,2401,SANTA ELENA,24,SANTA ELENA,-2.30593,-80.82777
240250,LA LIBERTAD,2402,LA LIBERTAD,24,SANTA ELENA,-2.23948,-80.89492
240350,SALINAS,2403,SALINAS,24,SANTA ELENA,-2.22026,-80.95982
240351,ANCONCITO,2403,SALINAS,24,SANTA ELENA,-2.31528,-80.88139
240352,JOSE LUIS TAMAYO (MUEY),2403,SALINAS,24,SANTA ELENA,-2.27581,-80.89851
900151,LAS GOLONDRINAS,9001,LAS GOLONDRINAS,90,ZONA NO DELIMITADA,0.31861,-79.07295
900351,MANGA DEL CURA,9003,MANGA DEL CURA,90,ZONA NO DELIMITADA,-0.67983,-79.59222
900451,EL PIEDRERO,9004,EL PIEDRERO,90,ZONA NO DELIMITADA,-2.37463,-79.26730
