cell_id,name,type,lat,lon,pop_2010,pop_2010_male,pop_2010_female,households_2010,dwellings_2010,census_sectors,pop_2019_proj,pop_2022,pga_475,pga_2475,shaking_label
S3.6478.92,28 DE MAYO,CABECERA CANTONAL,-3.63360,-78.92827,1325,655,670,321,314,4,1507,,0.37170,0.69110,0.25 g
S4.0480.04,ALAMOR,CABECERA CANTONAL,-4.01739,-80.02090,4491,2149,2342,1295,1266,12,4437,,0.30940,0.57920,0.40 g
S2.2078.84,ALAUSI,CABECERA CANTONAL,-2.20094,-78.84840,6330,3030,3300,1704,1695,18,6245,,0.40750,0.74210,0.35 g
S1.8879.56,ALFREDO BAQUERIZO MORENO (JUJAN),CABECERA CANTONAL,-1.89544,-79.55851,8343,4207,4136,2226,2198,17,9895,,0.31170,0.58470,0.30 g
S4.6079.40,AMALUZA,CABECERA CANTONAL,-4.58146,-79.42642,1565,793,772,415,407,4,1462,,0.31120,0.58880,0.25 g
S1.3278.60,AMBATO,CAPITAL PROVINCIAL,-1.25490,-78.62380,164507,79438,85069,47383,45544,431,181774,,0.50420,0.93200,0.40 g
S1.2477.72,ARAJUNO,CABECERA CANTONAL,-1.23287,-77.68944,1290,672,618,234,231,2,1509,,0.34200,0.65290,0.30 g
S0.9277.80,ARCHIDONA,CABECERA CANTONAL,-0.91084,-77.80977,5478,2662,2816,1324,1309,11,6718,,0.42210,0.83160,0.35 g
S3.5680.12,ARENILLAS,CABECERA CANTONAL,-3.55676,-80.06696,17346,8916,8430,4657,4490,35,20143,,0.31240,0.58330,0.40 g
N0.8479.8,ATACAMES,CABECERA CANTONAL,0.87324,-79.84126,15463,7775,7688,3967,3945,42,19156,,0.58800,1.22000, > 0.50 g
N0.3678.2,ATUNTAQUI,CABECERA CANTONAL,0.32608,-78.21440,21941,10528,11413,5758,5630,41,25503,,0.31340,0.62660,0.40 g
S2.7678.84,AZOGUES,CAPITAL PROVINCIAL,-2.74792,-78.84727,32982,15401,17581,8234,7907,78,37633,,0.39500,0.72500,0.25 g
S1.8079.72,BABA,CABECERA CANTONAL,-1.78409,-79.67869,5368,2687,2681,1371,1342,13,5614,,0.30160,0.56740,0.35 g
S1.8079.56,BABAHOYO,CAPITAL PROVINCIAL,-1.80865,-79.52111,89895,44567,45328,23967,23683,200,97256,,0.30450,0.57140,0.30 g
S0.4477.88,BAEZA,CABECERA CANTONAL,-0.46168,-77.88978,1691,836,855,458,455,4,1776,,0.55280,1.13380,0.40 g
S0.6880.44,BAHIA DE CARAQUEZ,CABECERA CANTONAL,-0.62883,-80.42072,20908,10415,10493,5536,5431,42,21856,,0.39350,0.77900, > 0.50 g
S2.9279.80,BALAO,CABECERA CANTONAL,-2.91032,-79.81487,9220,4795,4425,2291,2242,15,10996,,0.37210,0.68000,0.40 g
S3.7279.80,BALSAS,CABECERA CANTONAL,-3.75970,-79.82179,4032,2081,1951,1070,1048,9,4990,,0.31580,0.59380,0.35 g
S1.4079.96,BALZAR,CABECERA CANTONAL,-1.36888,-79.90300,28794,14476,14318,7188,7073,62,30581,,0.29420,0.54840,0.40 g
S1.4078.36,BAÑOS,CABECERA CANTONAL,-1.39576,-78.42190,12066,6000,6066,3426,3389,36,14057,,0.50670,0.95880,0.40 g
S2.7678.92,BIBLIAN,CABECERA CANTONAL,-2.71479,-78.88951,5493,2498,2995,1589,1535,16,5879,,0.39220,0.72130,0.25 g
N0.5277.96,BOLIVAR,CABECERA CANTONAL,0.49641,-77.90576,2519,1247,1272,742,719,6,2595,,0.29940,0.59140,0.40 g
S0.8480.20,CALCETA,CABECERA CANTONAL,-0.84633,-80.16692,16773,8193,8580,4098,4040,31,17859,,0.33630,0.64840, > 0.50 g
S1.6479.24,CALUMA,CABECERA CANTONAL,-1.63118,-79.25737,5834,2859,2975,1658,1628,16,6791,,0.30330,0.56060,0.30 g
S3.0879.72,CAMILO PONCE ENRIQUEZ,CABECERA CANTONAL,-3.06087,-79.74598,4903,2452,2451,1312,1289,13,7216,,0.34220,0.63800,0.35 g
S4.3679.56,CARIAMANGA,CABECERA CANTONAL,-4.32900,-79.55632,13311,6401,6910,3233,3125,30,13388,,0.31010,0.58570,0.25 g
S1.1677.88,CARLOS JULIO AROSEMENA,CABECERA CANTONAL,-1.16984,-77.85649,931,477,454,239,237,2,1065,,0.41650,0.81730,0.30 g
S4.0479.64,CATACOCHA,CABECERA CANTONAL,-4.05131,-79.64500,6617,3142,3475,1735,1676,15,6321,,0.31440,0.59250,0.30 g
S4.0479.32,CATAMAYO (LA TOMA),CABECERA CANTONAL,-3.98677,-79.36238,22697,11171,11526,5746,5492,49,25071,,0.33160,0.62480,0.25 g
S1.5679.48,CATARAMA,CABECERA CANTONAL,-1.56870,-79.47362,6240,3090,3150,1576,1560,13,6626,,0.29160,0.54670,0.30 g
N0.0478.2,CAYAMBE,CABECERA CANTONAL,0.04010,-78.14221,38055,18742,19313,10228,10085,92,44504,,0.34060,0.63780,0.40 g
S2.6078.92,CAÑAR,CABECERA CANTONAL,-2.55519,-78.94030,13407,6269,7138,3249,3122,28,14542,,0.39250,0.72150,0.30 g
S4.1279.96,CELICA,CABECERA CANTONAL,-4.10360,-79.95648,4400,2272,2128,1041,1002,10,4664,,0.30780,0.57720,0.35 g
S1.3278.60,CEVALLOS,CABECERA CANTONAL,-1.35491,-78.61538,2501,1230,1271,713,690,7,2848,,0.50420,0.93200,0.40 g
S3.8879.64,CHAGUARPAMBA,CABECERA CANTONAL,-3.87661,-79.64377,1090,527,563,288,270,3,987,,0.31850,0.59990,0.30 g
S1.7278.60,CHAMBO,CABECERA CANTONAL,-1.72965,-78.59604,4459,2145,2314,1161,1130,12,4769,,0.43740,0.80160,0.40 g
S3.4879.56,CHILLA,CABECERA CANTONAL,-3.45642,-79.58154,1025,498,527,310,310,4,955,,0.33530,0.63060,0.30 g
S1.9679.08,CHILLANES,CABECERA CANTONAL,-1.94342,-79.06644,2681,1289,1392,815,779,6,2519,,0.42510,0.78660,0.40 g
S0.6880.04,CHONE,CABECERA CANTONAL,-0.69983,-80.09268,52810,25158,27652,13152,12976,102,52801,,0.32650,0.64020, > 0.50 g
S2.9278.76,CHORDELEG,CABECERA CANTONAL,-2.92417,-78.77842,4426,2114,2312,1159,1091,12,5001,,0.39780,0.72840,0.25 g
S2.2878.92,CHUNCHI,CABECERA CANTONAL,-2.28994,-78.92022,3784,1773,2011,1026,1006,13,3693,,0.41110,0.75350,0.35 g
S1.5680.04,COLIMES,CABECERA CANTONAL,-1.54700,-80.01392,6191,3144,3047,1745,1715,12,6575,,0.29790,0.55370,0.40 g
N0.2878.28,COTACACHI,CABECERA CANTONAL,0.29581,-78.26888,8262,3984,4278,2273,2227,18,8670,,0.31510,0.60610,0.40 g
S2.8479.08,CUENCA,CAPITAL PROVINCIAL,-2.88862,-78.99836,329928,157426,172502,89129,86317,775,386491,,0.38510,0.71160,0.25 g
S2.2079.16,CUMANDA,CABECERA CANTONAL,-2.20822,-79.13584,8626,4169,4457,2358,2308,27,11006,,0.47680,0.90380,0.40 g
S1.8079.96,DAULE,CABECERA CANTONAL,-1.85820,-79.98386,40310,19758,20552,10211,10002,82,53016,,0.29940,0.55960,0.40 g
S2.0479.96,DAULE,CABECERA CANTONAL,-2.04364,-79.89679,24485,11827,12658,6854,6832,73,32203,,0.31270,0.58640,0.40 g
S2.7678.92,DELEG,CABECERA CANTONAL,-2.77130,-78.91985,578,229,349,192,188,2,606,,0.39220,0.72130,0.25 g
S2.2079.80,DURAN,CABECERA CANTONAL,-2.17093,-79.82698,230839,113746,117093,62273,61357,531,285165,,0.33150,0.62280,0.40 g
S1.4079.32,ECHEANDIA,CABECERA CANTONAL,-1.43236,-79.27934,6170,3050,3120,1782,1721,16,6753,,0.28850,0.53800,0.30 g
N0.677.96,EL ANGEL,CABECERA CANTONAL,0.61879,-77.94131,3836,1841,1995,1057,1024,9,3804,,0.30820,0.66400,0.40 g
S0.2879.48,EL CARMEN,CABECERA CANTONAL,-0.26932,-79.46576,44249,21765,22484,10661,10533,78,51781,,0.31800,0.62920,0.40 g
S0.3677.80,EL CHACO,CABECERA CANTONAL,-0.33659,-77.81073,4026,2005,2021,1042,1037,10,4780,,0.49380,0.98200,0.40 g
S1.1679.08,EL CORAZON,CABECERA CANTONAL,-1.13630,-79.08053,1649,788,861,510,472,6,1755,,0.29420,0.53820,0.30 g
N0.1277.24,EL DORADO DE CASCALES,CABECERA CANTONAL,0.07862,-77.21311,2090,1043,1047,537,526,4,2744,,0.24480,0.47720,0.30 g
S3.2479.80,EL GUABO,CABECERA CANTONAL,-3.24759,-79.83339,21619,11080,10539,5801,5683,48,25537,,0.33000,0.61790,0.40 g
S2.7678.68,EL PAN,CABECERA CANTONAL,-2.79081,-78.66974,486,220,266,125,123,2,477,,0.40280,0.73780,0.25 g
S3.6478.60,EL PANGUI,CABECERA CANTONAL,-3.62587,-78.58853,3084,1548,1536,773,732,7,3626,,0.38960,0.71580,0.30 g
S2.5278.92,EL TAMBO,CABECERA CANTONAL,-2.51255,-78.92679,4674,2195,2479,1150,1118,11,5635,,0.39260,0.72110,0.30 g
S2.3679.40,EL TRIUNFO,CABECERA CANTONAL,-2.33417,-79.40157,34863,17496,17367,8846,8721,77,42871,,0.42700,0.78750,0.40 g
N0.9279.64,ESMERALDAS,CAPITAL PROVINCIAL,0.94846,-79.66065,152970,73204,79766,38812,38535,303,167696,,0.54720,1.12610, > 0.50 g
S0.3679.88,FLAVIO ALFARO,CABECERA CANTONAL,-0.40230,-79.90738,6197,2935,3262,1569,1557,14,5779,,0.34880,0.70240, > 0.50 g
S2.2079.16,GENERAL ANTONIO ELIZALDE (BUCAY),CABECERA CANTONAL,-2.19915,-79.15441,6079,3004,3075,1730,1711,17,7025,,0.47680,0.90380,0.40 g
S2.9278.44,GENERAL LEONIDAS PLAZA,CABECERA CANTONAL,-2.96672,-78.43282,3523,1689,1834,949,909,8,3600,,0.42820,0.79120,0.30 g
S2.6080.36,GENERAL VILLAMIL (PLAYAS),CABECERA CANTONAL,-2.63523,-80.38731,34220,17268,16952,8825,8664,88,44445,,0.32590,0.59660, > 0.50 g
S4.2079.40,GONZANAMA,CABECERA CANTONAL,-4.22945,-79.43581,1412,659,753,400,391,4,1205,,0.32160,0.60700,0.25 g
S2.7678.68,GUACHAPALA,CABECERA CANTONAL,-2.77014,-78.71126,792,380,412,225,219,3,849,,0.40280,0.73780,0.25 g
S2.8478.76,GUALACEO,CABECERA CANTONAL,-2.89251,-78.77793,13981,6481,7500,3693,3569,38,15174,,0.39830,0.72950,0.25 g
S3.4078.52,GUALAQUIZA,CABECERA CANTONAL,-3.41761,-78.57068,7232,3656,3576,1849,1763,19,7821,,0.40460,0.74090,0.30 g
S1.9678.68,GUAMOTE,CABECERA CANTONAL,-1.93616,-78.71118,2648,1261,1387,765,743,10,3175,,0.40320,0.73330,0.40 g
S1.6478.60,GUANO,CABECERA CANTONAL,-1.60662,-78.63133,7758,3725,4033,1985,1958,18,8320,,0.45840,0.83840,0.40 g
S1.6479.00,GUARANDA,CAPITAL PROVINCIAL,-1.58391,-79.00249,23874,11091,12783,6698,6464,64,26533,,0.34640,0.62530,0.35 g
S2.2880.04,GUAYAQUIL,CAPITAL PROVINCIAL,-2.14755,-79.94172,2277707,1119839,1157868,595442,582171,4617,2493419,,0.32290,0.60340,0.40 g
S4.0478.68,GUAYZIMI,CABECERA CANTONAL,-4.04636,-78.68326,1771,898,873,441,432,4,2449,,0.37340,0.69370,0.30 g
N0.6877.72,HUACA,CABECERA CANTONAL,0.62846,-77.72881,3859,1937,1922,1018,979,7,4247,,0.27530,0.51960,0.40 g
S1.9677.96,HUAMBOYA,CABECERA CANTONAL,-1.94557,-77.99146,900,479,421,223,211,2,1199,,0.36620,0.68790,0.30 g
S3.4880.20,HUAQUILLAS,CABECERA CANTONAL,-3.47873,-80.22340,47706,23787,23919,13078,12559,113,55577,,0.31450,0.58400,0.40 g
S1.8880.12,ISIDRO AYORA,CABECERA CANTONAL,-1.88000,-80.14316,5967,3016,2951,1626,1584,13,7382,,0.30540,0.56730,0.40 g
S0.2080.28,JAMA,CABECERA CANTONAL,-0.20194,-80.26422,6090,3055,3035,1285,1255,7,6515,,0.47180,0.98070, > 0.50 g
S1.0080.60,JARAMIJO,CABECERA CANTONAL,-0.95576,-80.65168,15861,8043,7818,3975,3790,26,22062,,0.41240,0.79170, > 0.50 g
S1.4080.60,JIPIJAPA,CABECERA CANTONAL,-1.35155,-80.58085,39506,19262,20244,10105,9836,68,39958,,0.40050,0.75640, > 0.50 g
S0.9280.20,JUNIN,CABECERA CANTONAL,-0.92977,-80.20529,5400,2684,2716,1390,1378,10,5215,,0.33370,0.63750, > 0.50 g
N0.4477.56,LA BONITA,CABECERA CANTONAL,0.47281,-77.54561,549,280,269,154,150,1,589,,0.43500,0.94670,0.40 g
N0.0479.4,LA CONCORDIA,CABECERA CANTONAL,0.00940,-79.39214,29159,14454,14705,7273,7224,65,33587,,0.34180,0.68460, > 0.50 g
S0.2876.84,LA JOYA DE LOS SACHAS,CABECERA CANTONAL,-0.29445,-76.85681,11480,5976,5504,3195,3189,30,11872,,0.14170,0.26610,0.15 g
S2.2880.92,LA LIBERTAD,CABECERA CANTONAL,-2.23975,-80.89444,95830,47919,47911,24043,23579,191,110294,,0.43480,0.84620, > 0.50 g
S0.9279.24,LA MANA,CABECERA CANTONAL,-0.94295,-79.23675,23395,11680,11715,6546,6411,60,29043,,0.28090,0.52290,0.30 g
S2.4479.32,LA TRONCAL,CABECERA CANTONAL,-2.42799,-79.33830,35259,17515,17744,9109,8795,81,45137,,0.45170,0.84280,0.40 g
S3.8080.04,LA VICTORIA,CABECERA CANTONAL,-3.78531,-80.06218,1178,602,576,304,296,3,1171,,0.31050,0.58140,0.40 g
S1.3279.32,LAS NAVES,CABECERA CANTONAL,-1.28555,-79.31457,1485,739,746,414,399,3,1691,,0.28610,0.53340,0.30 g
S0.9278.68,LATACUNGA,CAPITAL PROVINCIAL,-0.93446,-78.61655,63582,30466,33116,17276,16869,168,71936,,0.47060,0.90370,0.40 g
N1.1679,LIMONES(VALDEZ),CABECERA CANTONAL,1.25068,-78.98524,5553,3153,2400,1227,1226,10,6061,,0.40180,0.81520, > 0.50 g
S2.6878.20,LOGROÑO,CABECERA CANTONAL,-2.62632,-78.19985,1482,764,718,369,363,4,1829,,0.43140,0.80090,0.30 g
S4.0479.16,LOJA,CAPITAL PROVINCIAL,-3.98962,-79.21707,168891,80835,88056,44413,42837,374,200002,,0.34230,0.64390,0.25 g
S1.8880.12,LOMAS DE SARGENTILLO,CABECERA CANTONAL,-1.87538,-80.08777,13775,7033,6742,3671,3568,29,16764,,0.30540,0.56730,0.40 g
S0.6877.32,LORETO,CABECERA CANTONAL,-0.68798,-77.30887,3257,1701,1556,847,846,7,3673,,0.27740,0.54750,0.25 g
N0.0477.32,LUMBAQUI,CABECERA CANTONAL,0.04743,-77.32836,2007,1024,983,570,552,5,2218,,0.27340,0.55120,0.30 g
S4.3679.96,MACARA,CABECERA CANTONAL,-4.38482,-79.94558,12149,6060,6089,3154,3015,27,12383,,0.30710,0.57580,0.35 g
S2.3678.12,MACAS,CAPITAL PROVINCIAL,-2.31133,-78.12150,18654,9355,9299,4999,4875,44,24183,,0.40500,0.75360,0.30 g
S0.5278.52,MACHACHI,CABECERA CANTONAL,-0.50925,-78.56721,16515,8005,8510,4414,4385,41,20273,,0.46180,0.87050,0.40 g
S3.3279.88,MACHALA,CAPITAL PROVINCIAL,-3.26687,-79.95000,230391,114735,115656,61810,60110,503,254700,,0.32340,0.60550,0.40 g
S1.0080.76,MANTA,CABECERA CANTONAL,-0.96381,-80.71761,217615,106893,110722,55579,54338,464,240338,,0.46130,0.90290, > 0.50 g
S3.8079.88,MARCABELI,CABECERA CANTONAL,-3.78601,-79.91565,3682,1849,1833,970,936,11,3993,,0.31190,0.58600,0.35 g
S2.2079.40,MARCELINO MARIDUEÑA,CABECERA CANTONAL,-2.21291,-79.43804,7163,3674,3489,1918,1893,19,7460,,0.36630,0.67420,0.35 g
S1.4878.12,MERA,CABECERA CANTONAL,-1.46499,-78.10981,768,379,389,219,217,2,1032,,0.44140,0.85570,0.35 g
S2.2079.56,MILAGRO,CABECERA CANTONAL,-2.13726,-79.59128,133508,66062,67446,36197,35717,305,150422,,0.34850,0.64950,0.35 g
N0.678.04,MIRA (CHONTAHUASI),CABECERA CANTONAL,0.55124,-78.03921,3096,1494,1602,964,946,7,2943,,0.29870,0.59340,0.40 g
S1.1679.48,MOCACHE,CABECERA CANTONAL,-1.18721,-79.50749,8028,4010,4018,2085,2057,15,8612,,0.28210,0.52950,0.30 g
S1.4078.68,MOCHA,CABECERA CANTONAL,-1.42084,-78.66042,1209,586,623,345,328,3,1248,,0.48260,0.89130,0.40 g
S1.8079.24,MONTALVO,CABECERA CANTONAL,-1.78843,-79.28924,12734,6348,6386,3576,3523,31,14266,,0.31810,0.58400,0.30 g
S1.0080.68,MONTECRISTI,CABECERA CANTONAL,-1.01244,-80.68513,46312,22931,23381,11794,11525,94,64243,,0.43550,0.84270, > 0.50 g
N0.6880.04,MUISNE,CABECERA CANTONAL,0.61414,-80.02478,5925,2978,2947,1521,1511,12,6204,,0.63940,1.35400, > 0.50 g
S3.3279.08,NABON,CABECERA CANTONAL,-3.33714,-79.06371,1229,549,680,345,341,3,1274,,0.37260,0.69260,0.25 g
S2.6879.64,NARANJAL,CABECERA CANTONAL,-2.67696,-79.61795,28028,14202,13826,7259,7142,63,35447,,0.42170,0.77430,0.40 g
S2.2079.40,NARANJITO,CABECERA CANTONAL,-2.16874,-79.46016,28546,14560,13986,7814,7720,69,31721,,0.36630,0.67420,0.35 g
S1.9680.04,NARCISA DE JESUS,CABECERA CANTONAL,-1.91483,-80.01258,8256,4105,4151,2141,2078,17,10263,,0.30690,0.57280,0.40 g
N0.1276.84,NUEVA LOJA,CAPITAL PROVINCIAL,0.08138,-76.88943,48562,24206,24356,13756,13656,126,58998,,0.12790,0.23790,0.15 g
S0.9275.40,NUEVO ROCAFUERTE,CABECERA CANTONAL,-0.91850,-75.40378,461,234,227,97,97,1,361,,0.09670,0.20520,0.15 g
S3.9679.64,OLMEDO,CABECERA CANTONAL,-3.93476,-79.64716,622,282,340,177,174,2,533,,0.31640,0.59610,0.30 g
S1.4080.20,OLMEDO,CABECERA CANTONAL,-1.39490,-80.20759,1283,615,668,371,366,3,1283,,0.31610,0.58770,0.40 g
N0.278.28,OTAVALO,CABECERA CANTONAL,0.23185,-78.26359,39354,18821,20533,10147,9901,87,44252,,0.32970,0.62880,0.40 g
S1.9678.04,PABLO SEXTO,CABECERA CANTONAL,-1.92682,-78.02615,716,370,346,188,185,2,1022,,0.36680,0.68830,0.30 g
S3.5679.64,PACCHA,CABECERA CANTONAL,-3.59041,-79.66336,1016,502,514,286,285,3,1065,,0.32780,0.61670,0.30 g
S1.5680.44,PAJAN,CABECERA CANTONAL,-1.55155,-80.42604,6977,3505,3472,1984,1947,14,6778,,0.35180,0.65620, > 0.50 g
S4.6879.16,PALANDA,CABECERA CANTONAL,-4.64747,-79.13106,1999,993,1006,489,468,5,2326,,0.32180,0.60870,0.25 g
S1.4879.80,PALENQUE,CABECERA CANTONAL,-1.43483,-79.75622,6348,3211,3137,1688,1674,15,6459,,0.28910,0.54070,0.35 g
S1.6479.96,PALESTINA,CABECERA CANTONAL,-1.62594,-79.97788,8084,4126,3958,2231,2193,20,8785,,0.29500,0.54970,0.40 g
S2.0479.00,PALLATANGA,CABECERA CANTONAL,-1.99997,-78.96826,3813,1823,1990,1076,1041,14,3889,,0.51890,1.00030,0.40 g
S1.7277.96,PALORA,CABECERA CANTONAL,-1.70346,-77.96746,3152,1549,1603,821,781,7,3342,,0.35910,0.67890,0.30 g
S3.9678.68,PAQUISHA,CABECERA CANTONAL,-3.93294,-78.67488,1003,503,500,243,238,3,1396,,0.37570,0.69690,0.30 g
S3.3279.88,PASAJE,CABECERA CANTONAL,-3.32958,-79.79875,52673,26277,26396,14572,14139,127,59443,,0.32340,0.60550,0.35 g
S1.3278.52,PATATE,CABECERA CANTONAL,-1.31246,-78.50768,2161,1052,1109,626,618,7,2385,,0.54870,1.03810,0.40 g
S2.8478.76,PAUTE,CABECERA CANTONAL,-2.78891,-78.76382,7226,3396,3830,1992,1943,22,7821,,0.39830,0.72950,0.25 g
N0.1280.04,PEDERNALES,CABECERA CANTONAL,0.07277,-80.04756,21910,10906,11004,5005,4902,37,23918,,0.49210,1.01780, > 0.50 g
S1.8080.20,PEDRO CARBO,CABECERA CANTONAL,-1.81742,-80.23430,20220,10286,9934,5492,5390,39,22676,,0.30880,0.57230,0.40 g
N0.1279.08,PEDRO VICENTE MALDONADO,CABECERA CANTONAL,0.08637,-79.05053,4835,2378,2457,1292,1279,13,5930,,0.31130,0.60950,0.40 g
S1.3278.52,PELILEO,CABECERA CANTONAL,-1.33071,-78.53938,10103,4877,5226,2525,2464,24,11221,,0.54870,1.03810,0.40 g
S1.5678.52,PENIPE,CABECERA CANTONAL,-1.56627,-78.53101,1064,493,571,310,308,5,1058,,0.46250,0.84620,0.40 g
S1.0079.80,PICHINCHA,CABECERA CANTONAL,-1.04510,-79.82140,3834,1890,1944,931,925,8,3657,,0.29430,0.56030,0.40 g
S1.1678.52,PILLARO,CABECERA CANTONAL,-1.17347,-78.55028,7444,3560,3884,2147,2083,22,7971,,0.51830,0.95610,0.40 g
N0.3677.96,PIMAMPIRO,CABECERA CANTONAL,0.38948,-77.94012,5138,2494,2644,1529,1521,13,5060,,0.29490,0.54910,0.40 g
S4.1280.12,PINDAL,CABECERA CANTONAL,-4.11467,-80.10756,2044,1030,1014,529,510,6,2331,,0.31200,0.58280,0.40 g
S3.6479.72,PIÑAS,CABECERA CANTONAL,-3.67764,-79.68600,14142,6888,7254,3920,3877,38,15487,,0.32110,0.60420,0.30 g
S3.7279.64,PORTOVELO,CABECERA CANTONAL,-3.71585,-79.61775,7838,3994,3844,2289,2207,18,8506,,0.32290,0.60790,0.30 g
S1.0080.44,PORTOVIEJO,CAPITAL PROVINCIAL,-1.06509,-80.45416,206279,100312,105967,52575,51754,441,224924,,0.37010,0.70240, > 0.50 g
S3.2479.48,PUCARA,CABECERA CANTONAL,-3.21906,-79.46897,911,436,475,240,225,2,919,,0.34930,0.65500,0.30 g
S1.5679.56,PUEBLO VIEJO,CABECERA CANTONAL,-1.55025,-79.53096,7871,3949,3922,2080,2052,14,9050,,0.29070,0.54580,0.30 g
,PUERTO AYORA,CABECERA CANTONAL,-0.74180,-90.31440,11589,5886,5703,3590,3552,28,14184,,,,
,PUERTO BAQUERIZO MORENO,CAPITAL PROVINCIAL,-0.90915,-89.61426,6496,3402,3094,1910,1895,17,7821,,,,
N0.1275.88,PUERTO EL CARMEN DE PUTUMAYO,CABECERA CANTONAL,0.12091,-75.85948,2197,1126,1071,562,558,5,3139,,0.05710,0.12050,0.15 g
S0.4477.00,PUERTO FRANCISCO DE ORELLANA (COCA),CAPITAL PROVINCIAL,-0.45188,-76.99812,40780,21012,19768,10881,10820,121,50132,,0.17340,0.32650,0.25 g
S1.5680.84,PUERTO LOPEZ,CABECERA CANTONAL,-1.55493,-80.80842,9854,5069,4785,2483,2403,18,11195,,0.46770,0.90070, > 0.50 g
N0.1279.24,PUERTO QUITO,CABECERA CANTONAL,0.12189,-79.25439,3080,1517,1563,815,812,6,3515,,0.32960,0.65590,0.40 g
,PUERTO VILLAMIL,CABECERA CANTONAL,-0.94945,-90.96699,2075,1094,981,627,611,6,2609,,,,
S0.9278.68,PUJILI,CABECERA CANTONAL,-0.95511,-78.69499,10064,4774,5290,2628,2560,20,10984,,0.47060,0.90370,0.40 g
S1.4877.96,PUYO,CAPITAL PROVINCIAL,-1.49217,-78.00357,33557,16361,17196,9094,8857,90,42060,,0.40080,0.77940,0.30 g
S1.4078.60,QUERO,CABECERA CANTONAL,-1.38021,-78.60651,2679,1287,1392,756,733,7,2748,,0.52850,1.00100,0.40 g
S1.0879.48,QUEVEDO,CABECERA CANTONAL,-1.02510,-79.46509,147415,73342,74073,37968,37439,292,170170,,0.28180,0.52990,0.35 g
S4.2879.40,QUILANGA,CABECERA CANTONAL,-4.29798,-79.40059,880,432,448,246,240,2,828,,0.31930,0.60290,0.25 g
S1.2479.32,QUINSALOMA,CABECERA CANTONAL,-1.20707,-79.31399,4573,2298,2275,1216,1186,11,5307,,0.28410,0.52950,0.30 g
S0.3678.52,QUITO,CAPITAL PROVINCIAL,-0.21487,-78.51315,1605513,776823,828690,468131,463412,4034,1861846,,0.51790,1.02510,0.40 g
N179.4,RIO VERDE,CABECERA CANTONAL,1.07103,-79.41484,2580,1301,1279,610,607,6,2863,,0.47750,0.97860, > 0.50 g
S1.6478.60,RIOBAMBA,CAPITAL PROVINCIAL,-1.66518,-78.65803,146022,69513,76509,39963,38250,393,161246,,0.45840,0.83840,0.40 g
S0.9280.44,ROCAFUERTE,CABECERA CANTONAL,-0.92387,-80.44907,9204,4523,4681,2336,2297,15,9785,,0.37390,0.71500, > 0.50 g
N0.2879.48,ROSA ZARATE (QUININDE),CABECERA CANTONAL,0.32338,-79.46708,28928,14301,14627,7225,7200,57,32535,,0.38200,0.77680, > 0.50 g
S2.2880.92,SALINAS,CABECERA CANTONAL,-2.20941,-80.96811,34073,17860,16213,8142,7941,98,43173,,0.43480,0.84620, > 0.50 g
S1.8079.80,SALITRE (LAS RAMAS),CABECERA CANTONAL,-1.83051,-79.81522,10840,5342,5498,2919,2857,22,11757,,0.30040,0.56440,0.40 g
S2.1279.80,SAMBORONDON,CABECERA CANTONAL,-2.09839,-79.86408,28788,13588,15200,7699,7662,74,39426,,0.32520,0.61230,0.40 g
S1.9679.72,SAMBORONDON,CABECERA CANTONAL,-1.96014,-79.72459,13849,6899,6950,3457,3343,26,18967,,0.31470,0.59270,0.35 g
S3.4879.16,SAN FELIPE DE OÑA,CABECERA CANTONAL,-3.46684,-79.15607,846,395,451,255,244,3,920,,0.36230,0.67680,0.25 g
S3.1679.24,SAN FERNANDO,CABECERA CANTONAL,-3.14741,-79.25268,1464,627,837,430,419,4,1463,,0.36800,0.68590,0.25 g
N0.677.88,SAN GABRIEL,CABECERA CANTONAL,0.59464,-77.82787,14121,6816,7305,3834,3647,28,14990,,0.29750,0.60060,0.40 g
S0.8479.48,SAN JACINTO DE BUENA FE,CABECERA CANTONAL,-0.89070,-79.49069,37688,19001,18687,9124,9038,69,46222,,0.28490,0.54130,0.35 g
S2.1279.72,SAN JACINTO DE YAGUACHI,CABECERA CANTONAL,-2.09716,-79.69535,17806,8825,8981,4639,4578,36,21223,,0.32950,0.62010,0.35 g
S1.6479.00,SAN JOSE DE CHIMBO,CABECERA CANTONAL,-1.68546,-79.02500,4561,2137,2424,1175,1152,12,4773,,0.34640,0.62530,0.35 g
N1.2478.84,SAN LORENZO,CABECERA CANTONAL,1.28293,-78.83348,22882,11280,11602,5185,5148,41,30825,,0.38170,0.77420, > 0.50 g
S1.7279.08,SAN MIGUEL,CABECERA CANTONAL,-1.70924,-79.04302,6297,2900,3397,1837,1767,18,6405,,0.33600,0.60840,0.35 g
S1.0078.60,SAN MIGUEL,CABECERA CANTONAL,-1.04058,-78.59104,12068,5744,6324,3371,3265,29,13147,,0.46980,0.87740,0.40 g
N0.2878.12,SAN MIGUEL DE IBARRA,CAPITAL PROVINCIAL,0.34765,-78.12163,129984,62435,67549,35625,34654,292,148318,,0.30780,0.58120,0.40 g
N0.0478.92,SAN MIGUEL DE LOS BANCOS,CABECERA CANTONAL,0.02423,-78.89602,4810,2480,2330,1152,1148,9,7269,,0.29740,0.56510,0.40 g
S1.1678.52,SAN MIGUELITO,CABECERA CANTONAL,-1.20226,-78.53813,1076,513,563,317,311,4,1152,,0.51830,0.95610,0.40 g
S0.6080.36,SAN VICENTE,CABECERA CANTONAL,-0.59159,-80.40486,10034,4937,5097,2709,2652,23,10756,,0.38870,0.77790, > 0.50 g
S0.2878.44,SANGOLQUI,CABECERA CANTONAL,-0.33282,-78.44632,74893,36428,38465,20599,20416,179,92780,,0.49770,0.96530,0.40 g
S1.2480.36,SANTA ANA DE VUELTA LARGA,CABECERA CANTONAL,-1.20482,-80.37056,9056,4381,4675,2230,2188,16,8912,,0.34800,0.65150, > 0.50 g
S1.2477.88,SANTA CLARA,CABECERA CANTONAL,-1.26496,-77.88917,1312,658,654,316,313,4,1444,,0.40730,0.79930,0.30 g
S2.2880.84,SANTA ELENA,CAPITAL PROVINCIAL,-2.22309,-80.86017,39681,19824,19857,10103,9933,90,48236,,0.40640,0.77970, > 0.50 g
S3.2479.32,SANTA ISABEL,CABECERA CANTONAL,-3.27679,-79.31573,5284,2552,2732,1438,1420,15,5687,,0.36020,0.67340,0.25 g
S1.7279.96,SANTA LUCIA,CABECERA CANTONAL,-1.71347,-79.98420,8810,4431,4379,2388,2352,18,9628,,0.29660,0.55360,0.40 g
S3.4079.96,SANTA ROSA,CABECERA CANTONAL,-3.45124,-79.96641,48584,24159,24425,13315,12996,108,54272,,0.31800,0.59510,0.40 g
S3.0877.96,SANTIAGO,CABECERA CANTONAL,-3.05090,-78.00737,1162,723,439,225,225,3,1649,,0.43950,0.81140,0.30 g
S2.7678.36,SANTIAGO DE MENDEZ,CABECERA CANTONAL,-2.72018,-78.31803,1869,899,970,517,508,4,2100,,0.43080,0.79790,0.30 g
S0.2079.16,SANTO DOMINGO DE LOS COLORADOS,CAPITAL PROVINCIAL,-0.25786,-79.18000,269969,132050,137919,70670,69627,705,315067,,0.29720,0.57300,0.40 g
S0.8478.68,SAQUISILI,CABECERA CANTONAL,-0.83935,-78.66683,7205,3408,3797,1820,1799,19,8349,,0.46180,0.88610,0.40 g
S3.6479.24,SARAGURO,CABECERA CANTONAL,-3.62253,-79.23875,4031,1900,2131,1035,995,10,4250,,0.35130,0.65880,0.25 g
S2.8478.68,SEVILLA DE ORO,CABECERA CANTONAL,-2.80154,-78.65597,838,389,449,228,222,2,923,,0.40310,0.73780,0.25 g
S0.2076.68,SHUSHUFINDI,CABECERA CANTONAL,-0.18595,-76.64407,15956,8393,7563,4240,4223,47,19431,,0.11930,0.22720,0.15 g
S0.6878.92,SIGCHOS,CABECERA CANTONAL,-0.70409,-78.88961,1947,960,987,588,573,8,1979,,0.31440,0.57200,0.30 g
S3.0878.84,SIGSIG,CABECERA CANTONAL,-3.05028,-78.79429,3676,1685,1991,993,959,10,3943,,0.39130,0.71890,0.25 g
S2.0479.48,SIMON BOLIVAR,CABECERA CANTONAL,-2.00315,-79.48616,7300,3655,3645,2026,2009,16,8597,,0.33330,0.62210,0.35 g
S3.1678.52,SN. JUAN BOSCO,CABECERA CANTONAL,-3.11758,-78.53020,1390,685,705,351,332,3,1651,,0.41510,0.76320,0.30 g
S4.3679.80,SOZORANGA,CABECERA CANTONAL,-4.32842,-79.79161,923,458,465,246,238,2,858,,0.30530,0.57470,0.35 g
S1.3280.44,SUCRE,CABECERA CANTONAL,-1.27173,-80.41923,4799,2389,2410,1258,1242,9,4615,,0.36170,0.67770, > 0.50 g
S2.4478.12,SUCUA,CABECERA CANTONAL,-2.46037,-78.16949,7805,3778,4027,2027,1937,15,9424,,0.41310,0.76940,0.30 g
S2.4479.08,SUSCAL,CABECERA CANTONAL,-2.43876,-79.05137,858,409,449,217,215,2,1024,,0.40630,0.74500,0.35 g
N0.0478.2,TABACUNDO,CABECERA CANTONAL,0.04599,-78.21569,9565,4720,4845,2662,2622,23,11556,,0.34060,0.63780,0.40 g
S2.3677.48,TAISHA,CABECERA CANTONAL,-2.38148,-77.50633,1036,641,395,228,225,2,1371,,0.38610,0.72180,0.30 g
S0.1276.36,TARAPOA,CABECERA CANTONAL,-0.12490,-76.34529,1280,649,631,353,339,3,1250,,0.09200,0.18210,0.15 g
S1.0077.80,TENA,CAPITAL PROVINCIAL,-0.99208,-77.81490,22481,11189,11292,5951,5918,66,27157,,0.40450,0.79200,0.35 g
S1.3278.68,TISALEO,CABECERA CANTONAL,-1.35006,-78.66949,1269,617,652,338,330,4,1408,,0.47040,0.86890,0.40 g
S0.7680.28,TOSAGUA,CABECERA CANTONAL,-0.78582,-80.23608,10751,5336,5415,2696,2656,21,11330,,0.35360,0.68900, > 0.50 g
N0.7677.72,TULCAN,CAPITAL PROVINCIAL,0.81235,-77.71914,53008,25708,27300,14622,14078,116,58848,,0.27790,0.53900,0.40 g
N0.4478.2,URCUQUI,CABECERA CANTONAL,0.41635,-78.19613,2844,1371,1473,745,738,6,3019,,0.30180,0.58210,0.40 g
S0.9279.32,VALENCIA,CABECERA CANTONAL,-0.94824,-79.34459,16983,8618,8365,4287,4253,33,20291,,0.28030,0.52530,0.30 g
S1.0079.64,VELASCO IBARRA (EL EMPALME),CABECERA CANTONAL,-1.04720,-79.63943,35686,17776,17910,8907,8802,73,38997,,0.28700,0.54420,0.35 g
S1.4879.48,VENTANAS,CABECERA CANTONAL,-1.44241,-79.46313,37186,18538,18648,9511,9363,76,39916,,0.28860,0.54110,0.30 g
S1.7278.76,VILLA LA UNION,CABECERA CANTONAL,-1.70094,-78.77102,1927,924,1003,540,530,6,1863,,0.50030,0.94390,0.40 g
S1.5679.80,VINCES,CABECERA CANTONAL,-1.55629,-79.75502,29913,14790,15123,7846,7766,68,32548,,0.29060,0.54380,0.35 g
S3.8078.76,YANZATZA,CABECERA CANTONAL,-3.82251,-78.75709,9199,4590,4609,2288,2229,19,11845,,0.37580,0.69700,0.30 g
S4.0478.92,ZAMORA,CAPITAL PROVINCIAL,-4.06161,-78.94592,11319,5856,5463,2832,2785,27,13432,,0.35850,0.67120,0.25 g
S4.3680.28,ZAPOTILLO,CABECERA CANTONAL,-4.38434,-80.24369,2437,1181,1256,716,692,7,2672,,0.32850,0.61170,0.40 g
S3.7279.64,ZARUMA,CABECERA CANTONAL,-3.69099,-79.61381,9677,4791,4886,2772,2745,23,9850,,0.32290,0.60790,0.30 g
S4.8479.16,ZUMBA,CABECERA CANTONAL,-4.86579,-79.13307,3163,1691,1472,835,808,8,3476,,0.31760,0.60180,0.25 g
S3.8878.76,ZUMBI,CABECERA CANTONAL,-3.89388,-78.77772,2233,1150,1083,526,498,5,2648,,0.37340,0.69370,0.30 g
