cell_id,name,canton,province,type,lat,lon,pga_475,pga_2475
S4.3680.28,ZAPOTILLO,ZAPOTILLO,LOJA,CABECERA CANTONAL,-4.36,-80.28,0.3285,0.6117
S4.3679.96,MACARA,MACARA,LOJA,CABECERA CANTONAL,-4.36,-79.96,0.3071,0.5758
S4.1280.12,PINDAL,PINDAL,LOJA,CABECERA CANTONAL,-4.12,-80.12,0.31200001,0.58279997
S4.0480.04,ALAMOR,PUYANGO,LOJA,CABECERA CANTONAL,-4.04,-80.04,0.30939999,0.57920003
S4.1279.96,CELICA,CELICA,LOJA,CABECERA CANTONAL,-4.12,-79.96,0.30779999,0.5772
S3.8080.04,LA VICTORIA -EO,LAS LAJAS,EL ORO,CABECERA CANTONAL,-3.8,-80.04,0.3105,0.58139998
S4.3679.80,SOZORANGA,SOZORANGA,LOJA,CABECERA CANTONAL,-4.36,-79.8,0.3053,0.5747
S4.3679.56,CARIAMANGA - Sur,CALVAS,LOJA,CABECERA CANTONAL,-4.36,-79.56,0.31009999,0.58569998
S4.2879.56,CARIAMANGA - Norte,CALVAS,LOJA,CABECERA CANTONAL,-4.28,-79.56,0.31189999,0.58880001
S3.8079.88,MARCABELI,MARCABELI,EL ORO,CABECERA CANTONAL,-3.8,-79.88,0.31189999,0.58600003
S3.8079.96,MARCABELI - Oeste,MARCABELI,EL ORO,CABECERA CANTONAL,-3.8,-79.96,0.3107,0.58279997
S3.8079.80,BALSAS - Sur,BALSAS,EL ORO,CABECERA CANTONAL,-3.8,-79.8,0.3141,0.59069997
S4.0479.64,CATACOCHA,PALTAS,LOJA,CABECERA CANTONAL,-4.04,-79.64,0.31439999,0.59249997
S3.9679.64,OLMEDO,OLMEDO,LOJA,CABECERA CANTONAL,-3.96,-79.64,0.31639999,0.59609997
S3.8879.64,CHAGUARPAMBA,CHAGUARPAMBA,LOJA,CABECERA CANTONAL,-3.88,-79.64,0.31850001,0.59990001
S4.8479.16,ZUMBA,CHINCHIPE,ZAMORA CHINCHIPE,CABECERA CANTONAL,-4.84,-79.16,0.31760001,0.60180002
S4.6879.16,PALANDA,PALANDA,ZAMORA CHINCHIPE,CABECERA CANTONAL,-4.68,-79.16,0.32179999,0.60869998
S4.6079.40,AMALUZA,ESPINDOLA,LOJA,CABECERA CANTONAL,-4.6,-79.4,0.31119999,0.58880001
S4.2079.40,GONZANAMA,GONZANAMA,LOJA,CABECERA CANTONAL,-4.2,-79.4,0.32159999,0.60699999
S4.2879.40,QUILANGA,QUILANGA,LOJA,CABECERA CANTONAL,-4.28,-79.4,0.3193,0.60290003
S4.2079.48,GONZANAMA - Oeste,GONZANAMA,LOJA,CABECERA CANTONAL,-4.2,-79.48,0.31740001,0.59909999
S4.0479.40,CATAMAYO - Sur Oeste,CATAMAYO,LOJA,CABECERA CANTONAL,-4.04,-79.4,0.32659999,0.61570001
S3.9679.40,CATAMAYO - Nor Oeste,CATAMAYO,LOJA,CABECERA CANTONAL,-3.96,-79.4,0.3292,0.62029999
S4.0479.32,CATAMAYO - Sur Este,CATAMAYO,LOJA,CABECERA CANTONAL,-4.04,-79.32,0.33160001,0.62480003
S3.9679.32,CATAMAYO - Nor Este,CATAMAYO,LOJA,CABECERA CANTONAL,-3.96,-79.32,0.33430001,0.62959999
S3.9679.16,LOJA - Nor Este,LOJA,LOJA,CAPITAL PROVINCIAL,-3.96,-79.16,0.34509999,0.6487
S3.9679.24,LOJA,LOJA,LOJA,CAPITAL PROVINCIAL,-3.96,-79.24,0.33970001,0.63919997
S4.0479.16,LOJA - Sue Este,LOJA,LOJA,CAPITAL PROVINCIAL,-4.04,-79.16,0.3423,0.64389998
S4.0479.24,LOJA - Sur,LOJA,LOJA,CAPITAL PROVINCIAL,-4.04,-79.24,0.33680001,0.63429999
S4.0479.00,ZAMORA - Oeste,ZAMORA,ZAMORA CHINCHIPE,CAPITAL PROVINCIAL,-4.04,-79.0,0.35319999,0.66250002
S3.4880.20,HUAQUILLAS,HUAQUILLAS,EL ORO,CABECERA CANTONAL,-3.48,-80.2,0.3145,0.58399999
S3.5680.12,ARENILLAS - oeste,ARENILLAS,EL ORO,CABECERA CANTONAL,-3.56,-80.12,0.31240001,0.58329999
S3.5680.04,ARENILLAS,ARENILLAS,EL ORO,CABECERA CANTONAL,-3.56,-80.04,0.31279999,0.58539999
S3.7279.80,BALSAS - Norte,BALSAS,EL ORO,CABECERA CANTONAL,-3.72,-79.8,0.31580001,0.59380001
S3.4079.96,SANTA ROSA - Norte,SANTA ROSA,EL ORO,CABECERA CANTONAL,-3.4,-79.96,0.31799999,0.59509999
S3.4879.96,SANTA ROSA,SANTA ROSA,EL ORO,CABECERA CANTONAL,-3.48,-79.96,0.3159,0.59189999
S3.7279.72,CAPIRO,PIÑAS,EL ORO,CABECERA CANTONAL,-3.72,-79.72,0.31900001,0.60039997
S3.6479.64,MULUNCAY,PIÑAS,EL ORO,CABECERA CANTONAL,-3.64,-79.64,0.32530001,0.61220002
S3.7279.64,ZARUMA,ZARUMA,EL ORO,CABECERA CANTONAL,-3.72,-79.64,0.3229,0.60790002
S3.6479.72,PIÑAS,PIÑAS,EL ORO,CABECERA CANTONAL,-3.64,-79.72,0.3211,0.60420001
S3.5679.64,PACCHA,ATAHUALPA,EL ORO,CABECERA CANTONAL,-3.56,-79.64,0.32780001,0.61669999
S3.2480.04,MACHALA - Oeste,MACHALA,EL ORO,CAPITAL PROVINCIAL,-3.24,-80.04,0.32749999,0.60409999
S3.3279.96,MACHALA - Sur,MACHALA,EL ORO,CAPITAL PROVINCIAL,-3.32,-79.96,0.32100001,0.59920001
S3.2479.88,EL GUABO - Oeste,EL GUABO,EL ORO,CABECERA CANTONAL,-3.24,-79.88,0.32699999,0.61049998
S3.3279.88,MACHALA  - Sur este,MACHALA,EL ORO,CAPITAL PROVINCIAL,-3.32,-79.88,0.32339999,0.60549998
S3.2479.96,MACHALA,MACHALA,EL ORO,CAPITAL PROVINCIAL,-3.24,-79.96,0.32570001,0.60509998
S3.3279.80,PASAJE,PASAJE,EL ORO,CABECERA CANTONAL,-3.32,-79.8,0.32679999,0.61299998
S3.3279.72,CASACAY,PASAJE,EL ORO,CABECERA CANTONAL,-3.32,-79.72,0.331,0.62159997
S3.2479.80,EL GUABO,EL GUABO,EL ORO,CABECERA CANTONAL,-3.24,-79.8,0.33000001,0.61790001
S3.0879.72,CAMILO PONCE ENRIQUEZ,CAMILO PONCE ENRIQUEZ,AZUAY,CABECERA CANTONAL,-3.08,-79.72,0.34220001,0.63800001
S2.9279.80,BALAO,BALAO,GUAYAS,CABECERA CANTONAL,-2.92,-79.8,0.3721,0.68000001
S3.6479.24,SARAGURO,SARAGURO,LOJA,CABECERA CANTONAL,-3.64,-79.24,0.3513,0.65880001
S3.4879.56,CHILLA,CHILLA,EL ORO,CABECERA CANTONAL,-3.48,-79.56,0.3353,0.63059998
S3.3279.32,SANTA ISABEL - Sur,SANTA ISABEL,AZUAY,CABECERA CANTONAL,-3.32,-79.32,0.3574,0.6688
S3.4879.16,SAN FELIPE DE OÑA,OÑA,AZUAY,CABECERA CANTONAL,-3.48,-79.16,0.36230001,0.67680001
S3.3279.08,NABON,NABON,AZUAY,CABECERA CANTONAL,-3.32,-79.08,0.37259999,0.69260001
S3.2479.48,PUCARA,PUCARA,AZUAY,CABECERA CANTONAL,-3.24,-79.48,0.3493,0.65499997
S3.2479.32,SANTA ISABEL,SANTA ISABEL,AZUAY,CABECERA CANTONAL,-3.24,-79.32,0.36019999,0.67339998
S3.1679.24,SAN FERNANDO,SAN FERNANDO,AZUAY,CABECERA CANTONAL,-3.16,-79.24,0.368,0.68589997
S2.8479.08,CUENCA  - Nor Oeste,CUENCA,AZUAY,CAPITAL PROVINCIAL,-2.84,-79.08,0.38510001,0.71160001
S2.8479.00,CUENCA  - Norte,CUENCA,AZUAY,CAPITAL PROVINCIAL,-2.84,-79.0,0.3883,0.71600002
S2.9279.00,CUENCA  - Sur,CUENCA,AZUAY,CAPITAL PROVINCIAL,-2.92,-79.0,0.38699999,0.71399999
S2.9279.08,CUENCA  - Sur Oeste,CUENCA,AZUAY,CAPITAL PROVINCIAL,-2.92,-79.08,0.38339999,0.70899999
S2.2880.84,LA LIBERTAD,LA LIBERTAD,SANTA ELENA,CABECERA CANTONAL,-2.28,-80.84,0.4064,0.77969998
S2.2080.84,SANTA ELENA,SANTA ELENA,SANTA ELENA,CAPITAL PROVINCIAL,-2.2,-80.84,0.41710001,0.80239999
S2.6080.44,GENERAL VILLAMIL (PLAYAS) - Oeste,PLAYAS,GUAYAS,CABECERA CANTONAL,-2.6,-80.44,0.32460001,0.5948
S2.6880.36,GENERAL VILLAMIL (PLAYAS) - Sur Este,PLAYAS,GUAYAS,CABECERA CANTONAL,-2.68,-80.36,0.33570001,0.61059999
S2.6080.36,GENERAL VILLAMIL (PLAYAS),PLAYAS,GUAYAS,CABECERA CANTONAL,-2.6,-80.36,0.32589999,0.5966
S2.2880.04,GUAYAQUIL - Sur Oeste 1,GUAYAQUIL,GUAYAS,CAPITAL PROVINCIAL,-2.28,-80.04,0.3229,0.60339999
S2.2880.12,GUAYAQUIL  Sur Oeste 2,GUAYAQUIL,GUAYAS,CAPITAL PROVINCIAL,-2.28,-80.12,0.31999999,0.59649998
S2.2879.96,GUAYAQUIL - Sur 1,GUAYAQUIL,GUAYAS,CAPITAL PROVINCIAL,-2.28,-79.96,0.32690001,0.61210001
S2.2879.88,GUAYAQUIL - Sur ,GUAYAQUIL,GUAYAS,CAPITAL PROVINCIAL,-2.28,-79.88,0.33199999,0.62180001
S2.1280.04,GUAYAQUIL - Oeste,GUAYAQUIL,GUAYAS,CAPITAL PROVINCIAL,-2.12,-80.04,0.315,0.58920002
S2.2080.04,GUAYAQUIL - Sur Oeste,GUAYAQUIL,GUAYAS,CAPITAL PROVINCIAL,-2.2,-80.04,0.31900001,0.59689999
S2.2080.12,GUAYAQUIL - Sur Este 2,GUAYAQUIL,GUAYAS,CAPITAL PROVINCIAL,-2.2,-80.12,0.31690001,0.5909
S2.2079.96,GUAYAQUIL - Sur,GUAYAQUIL,GUAYAS,CAPITAL PROVINCIAL,-2.2,-79.96,0.3224,0.60479999
S2.0480.04,GUAYAQUIL - Nor Oeste,GUAYAQUIL,GUAYAS,CAPITAL PROVINCIAL,-2.04,-80.04,0.3109,0.58090001
S1.9679.96,GUAYAQUIL - Norte 2,GUAYAQUIL,GUAYAS,CAPITAL PROVINCIAL,-1.96,-79.96,0.30770001,0.5765
S1.9680.04,NARCISA DE JESUS,NOBOL,GUAYAS,CABECERA CANTONAL,-1.96,-80.04,0.30689999,0.57279998
S2.1279.96,GUAYAQUIL - Centro,GUAYAQUIL,GUAYAS,CAPITAL PROVINCIAL,-2.12,-79.96,0.31760001,0.59609997
S2.0479.96,GUAYAQUIL - Norte,GUAYAQUIL,GUAYAS,CAPITAL PROVINCIAL,-2.04,-79.96,0.3127,0.58639997
S1.5678.60,VALPARAISO,GUANO,CHIMBORAZO,CABECERA CANTONAL,-1.56,-78.6,0.4912,0.90939999
S1.4078.44,BAÑOS,BAÑOS DE AGUA SANTA,TUNGURAHUA,CABECERA CANTONAL,-1.4,-78.44,0.51249999,0.94940001
S1.9678.04,PABLO SEXTO,PABLO SEXTO,MORONA SANTIAGO,CABECERA CANTONAL,-1.96,-78.04,0.36680001,0.68830001
S1.9677.96,HUAMBOYA,HUAMBOYA,MORONA SANTIAGO,CABECERA CANTONAL,-1.96,-77.96,0.3662,0.68790001
S1.7277.96,PALORA,PALORA,MORONA SANTIAGO,CABECERA CANTONAL,-1.72,-77.96,0.35910001,0.6789
S1.4078.36,BAÑOS - Este,BAÑOS DE AGUA SANTA,TUNGURAHUA,CABECERA CANTONAL,-1.4,-78.36,0.50669998,0.95880002
S2.0479.88,LA  AURORA,DAULE,GUAYAS,CABECERA CANTONAL,-2.04,-79.88,0.3154,0.59320003
S1.5680.44,PAJAN,PAJAN,MANABI,CABECERA CANTONAL,-1.56,-80.44,0.35179999,0.65619999
S1.3280.52,JIPIJAPA  - Este,JIPIJAPA,MANABI,CABECERA CANTONAL,-1.32,-80.52,0.38080001,0.71600002
S1.3280.60,JIPIJAPA,JIPIJAPA,MANABI,CABECERA CANTONAL,-1.32,-80.6,0.40439999,0.76660001
S1.4080.60,JIPIJAPA - Sur,JIPIJAPA,MANABI,CABECERA CANTONAL,-1.4,-80.6,0.4005,0.75639999
S1.3280.44,SUCRE - Sur,24 DE MAYO,MANABI,CABECERA CANTONAL,-1.32,-80.44,0.3617,0.67769998
S1.8080.28,PEDRO CARBO - Oeste,PEDRO CARBO,GUAYAS,CABECERA CANTONAL,-1.8,-80.28,0.31670001,0.5869
S1.8880.12,ISIDRO AYORA,ISIDRO AYORA,GUAYAS,CABECERA CANTONAL,-1.88,-80.12,0.30540001,0.56730002
S1.8080.20,PEDRO CARBO,PEDRO CARBO,GUAYAS,CABECERA CANTONAL,-1.8,-80.2,0.30880001,0.57230002
S1.8880.04,LOMAS DE SARGENTILLO,NOBOL,GUAYAS,CABECERA CANTONAL,-1.88,-80.04,0.30340001,0.56569999
S1.8879.96,DAULE,DAULE,GUAYAS,CABECERA CANTONAL,-1.88,-79.96,0.30320001,0.56730002
S1.8079.96,DAULE - Norte,DAULE,GUAYAS,CABECERA CANTONAL,-1.8,-79.96,0.2994,0.5596
S1.7279.96,SANTA LUCIA,SANTA LUCIA,GUAYAS,CABECERA CANTONAL,-1.72,-79.96,0.29660001,0.55360001
S1.6479.96,PALESTINA,PALESTINA,GUAYAS,CABECERA CANTONAL,-1.64,-79.96,0.29499999,0.54970002
S1.4080.20,OLMEDO,OLMEDO,MANABI,CABECERA CANTONAL,-1.4,-80.2,0.3161,0.58770001
S1.5680.04,COLIMES,COLIMES,GUAYAS,CABECERA CANTONAL,-1.56,-80.04,0.29789999,0.55369997
S1.5679.96,COLIMES - Este,COLIMES,GUAYAS,CABECERA CANTONAL,-1.56,-79.96,0.29409999,0.54759997
S1.4079.96,BALZAR - Sur Oeste,BALZAR,GUAYAS,CABECERA CANTONAL,-1.4,-79.96,0.2942,0.54839998
S2.6879.64,NARANJAL,NARANJAL,GUAYAS,CABECERA CANTONAL,-2.68,-79.64,0.4217,0.77429998
S2.1279.72,SAN JACINTO DE YAGUACHI,SAN JACINTO DE YAGUACHI,GUAYAS,CABECERA CANTONAL,-2.12,-79.72,0.32949999,0.62010002
S2.2079.80,DURAN,DURAN,GUAYAS,CABECERA CANTONAL,-2.2,-79.8,0.33149999,0.62279999
S2.2079.64,MILAGRO - sUR oESTE,MILAGRO,GUAYAS,CABECERA CANTONAL,-2.2,-79.64,0.3423,0.64060003
S2.3679.40,EL TRIUNFO,EL TRIUNFO,GUAYAS,CABECERA CANTONAL,-2.36,-79.4,0.42699999,0.78750002
S2.1279.48,RIO MILAGRO,NARANJITO,GUAYAS,CABECERA CANTONAL,-2.12,-79.48,0.3441,0.64099997
S2.1279.64,MILAGRO - OESTE,MILAGRO,GUAYAS,CABECERA CANTONAL,-2.12,-79.64,0.33399999,0.62720001
S2.2079.56,MILAGRO - sUR eSTE,MILAGRO,GUAYAS,CABECERA CANTONAL,-2.2,-79.56,0.34850001,0.64950001
S2.1279.56,MILAGRO,MILAGRO,GUAYAS,CABECERA CANTONAL,-2.12,-79.56,0.3387,0.63389999
S2.2079.48,NARANJITO,NARANJITO,GUAYAS,CABECERA CANTONAL,-2.2,-79.48,0.35589999,0.65969998
S2.4479.08,SUSCAL,SUSCAL,CAÑAR,CABECERA CANTONAL,-2.44,-79.08,0.40630001,0.745
S2.2879.40,EL TRIUNFO - Norte,EL TRIUNFO,GUAYAS,CABECERA CANTONAL,-2.28,-79.4,0.3881,0.7069
S2.2079.40,MARCELINO MARIDUEÑA,CRNEL. MARCELINO MARIDUEÑA,GUAYAS,CABECERA CANTONAL,-2.2,-79.4,0.36629999,0.6742
S2.1279.40,NARANJITO - Este,NARANJITO,GUAYAS,CABECERA CANTONAL,-2.12,-79.4,0.35170001,0.65079999
S2.4479.32,LA TRONCAL,LA TRONCAL,CAÑAR,CABECERA CANTONAL,-2.44,-79.32,0.4517,0.84280002
S2.2079.08,SANTA ROSA DE AGUA CLARA,CUMANDA,CHIMBORAZO,CABECERA CANTONAL,-2.2,-79.08,0.4982,0.95120001
S2.2079.16,BUCAY,GNRAL. ANTONIO ELIZALDE,GUAYAS,CABECERA CANTONAL,-2.2,-79.16,0.47679999,0.90380001
S1.8079.80,SALITRE (LAS RAMAS),SALITRE,GUAYAS,CABECERA CANTONAL,-1.8,-79.8,0.30039999,0.56440002
S2.1279.80,SAMBORONDON - GYQ,SAMBORONDON,GUAYAS,CABECERA CANTONAL,-2.12,-79.8,0.32519999,0.61229998
S1.9679.72,SAMBORONDON ,SAMBORONDON,GUAYAS,CABECERA CANTONAL,-1.96,-79.72,0.31470001,0.5927
S1.8079.72,BABA - Oeste,BABA,LOS RIOS,CABECERA CANTONAL,-1.8,-79.72,0.30160001,0.56739998
S1.8079.64,BABA - este,BABA,LOS RIOS,CABECERA CANTONAL,-1.8,-79.64,0.30309999,0.56980002
S1.9679.48,SIMON BOLIVAR - Norte,SIMON BOLIVAR,GUAYAS,CABECERA CANTONAL,-1.96,-79.48,0.32300001,0.60339999
S2.0479.48,SIMON BOLIVAR - Sur,SIMON BOLIVAR,GUAYAS,CABECERA CANTONAL,-2.04,-79.48,0.33329999,0.6221
S1.8879.56,ALFREDO BAQUERIZO MORENO (JUJAN),ALFREDO BAQUERIZO MORENO,GUAYAS,CABECERA CANTONAL,-1.88,-79.56,0.31169999,0.58469999
S1.8079.56,BABAHOYO - este,BABAHOYO,LOS RIOS,CAPITAL PROVINCIAL,-1.8,-79.56,0.30450001,0.57139999
S1.8079.48,BABAHOYO - Oeste,BABAHOYO,LOS RIOS,CAPITAL PROVINCIAL,-1.8,-79.48,0.30610001,0.57260001
S1.5679.80,VINCES - Oeste,VINCES,LOS RIOS,CABECERA CANTONAL,-1.56,-79.8,0.2906,0.5438
S1.4079.80,PALENQUE - Este,PALENQUE,LOS RIOS,CABECERA CANTONAL,-1.4,-79.8,0.28839999,0.53930002
S1.4079.88,BALZAR,BALZAR,GUAYAS,CABECERA CANTONAL,-1.4,-79.88,0.29069999,0.54269999
S1.4879.80,PALENQUE - Sur,PALENQUE,LOS RIOS,CABECERA CANTONAL,-1.48,-79.8,0.28909999,0.54070002
S1.5679.72,VINCES - este,VINCES,LOS RIOS,CABECERA CANTONAL,-1.56,-79.72,0.29010001,0.54409999
S1.4879.72,PALENQUE - Sur Este,PALENQUE,LOS RIOS,CABECERA CANTONAL,-1.48,-79.72,0.28819999,0.5399
S1.3279.88,BALZAR - Norte,BALZAR,GUAYAS,CABECERA CANTONAL,-1.32,-79.88,0.29120001,0.54449999
S1.5679.56,PUEBLO VIEJO,PUEBLOVIEJO,LOS RIOS,CABECERA CANTONAL,-1.56,-79.56,0.29069999,0.54579997
S1.4879.48,VENTANAS - Sur,VENTANAS,LOS RIOS,CABECERA CANTONAL,-1.48,-79.48,0.2886,0.54110003
S1.4079.72,PALENQUE,PALENQUE,LOS RIOS,CABECERA CANTONAL,-1.4,-79.72,0.28690001,0.53750002
S1.5679.48,CATARAMA,URDANETA,LOS RIOS,CABECERA CANTONAL,-1.56,-79.48,0.29159999,0.5467
S1.8079.32,MONTALVO,MONTALVO,LOS RIOS,CABECERA CANTONAL,-1.8,-79.32,0.31200001,0.5772
S1.8079.24,MONTALVO - Este,MONTALVO,LOS RIOS,CABECERA CANTONAL,-1.8,-79.24,0.31810001,0.58399999
S1.9679.00,PALLATANGA - Sur,PALLATANGA,CHIMBORAZO,CABECERA CANTONAL,-1.96,-79.0,0.4955,0.94529998
S1.9679.08,CHILLANES,CHILLANES,BOLIVAR,CABECERA CANTONAL,-1.96,-79.08,0.4251,0.78659999
S2.0479.00,PALLATANGA - Norte,PALLATANGA,CHIMBORAZO,CABECERA CANTONAL,-2.04,-79.0,0.51889998,1.00030005
S1.6479.24,CALUMA,CALUMA,BOLIVAR,CABECERA CANTONAL,-1.64,-79.24,0.30329999,0.56059998
S1.4079.32,ECHEANDIA - Oeste,ECHEANDIA,BOLIVAR,CABECERA CANTONAL,-1.4,-79.32,0.28850001,0.53799999
S1.4079.48,VENTANAS - Norte,VENTANAS,LOS RIOS,CABECERA CANTONAL,-1.4,-79.48,0.2863,0.53640002
S1.4079.24,ECHEANDIA - Este,ECHEANDIA,BOLIVAR,CABECERA CANTONAL,-1.4,-79.24,0.29089999,0.54009998
S1.7279.08,SAN MIGUEL - Oeste,SAN MIGUEL,BOLIVAR,CABECERA CANTONAL,-1.72,-79.08,0.336,0.60839999
S4.1278.92,ZAMORA - Sur,ZAMORA,ZAMORA CHINCHIPE,CAPITAL PROVINCIAL,-4.12,-78.92,0.3558,0.66689998
S4.0478.68,GUAYZIMI,NANGARITZA,ZAMORA CHINCHIPE,CABECERA CANTONAL,-4.04,-78.68,0.3734,0.69370002
S3.8878.76,ZUMBI,CENTINELA DEL CONDOR,ZAMORA CHINCHIPE,CABECERA CANTONAL,-3.88,-78.76,0.3734,0.69370002
S3.8078.76,YANZATZA,YANTZAZA,ZAMORA CHINCHIPE,CABECERA CANTONAL,-3.8,-78.76,0.37580001,0.69700003
S4.0478.92,ZAMORA,ZAMORA,ZAMORA CHINCHIPE,CAPITAL PROVINCIAL,-4.04,-78.92,0.3585,0.67119998
S3.9678.68,PAQUISHA,PAQUISHA,ZAMORA CHINCHIPE,CABECERA CANTONAL,-3.96,-78.68,0.3757,0.69690001
S3.6478.92,28 DE MAYO,YACUAMBI,ZAMORA CHINCHIPE,CABECERA CANTONAL,-3.64,-78.92,0.37169999,0.6911
S3.6478.60,EL PANGUI,EL PANGUI,ZAMORA CHINCHIPE,CABECERA CANTONAL,-3.64,-78.6,0.38960001,0.71579999
S3.4078.60,GUALAQUIZA ,GUALAQUIZA,MORONA SANTIAGO,CABECERA CANTONAL,-3.4,-78.6,0.3971,0.72640002
S3.4878.60,GUALAQUIZA - Sur,GUALAQUIZA,MORONA SANTIAGO,CABECERA CANTONAL,-3.48,-78.6,0.39449999,0.72259998
S3.4078.52,GUALAQUIZA - - Sur Este,GUALAQUIZA,MORONA SANTIAGO,CABECERA CANTONAL,-3.4,-78.52,0.40459999,0.74089998
S3.0878.84,SIGSIG - Oeste,SIGSIG,AZUAY,CABECERA CANTONAL,-3.08,-78.84,0.39129999,0.71890002
S2.9278.76,GUALACEO,GUALACEO,AZUAY,CABECERA CANTONAL,-2.92,-78.76,0.3978,0.72839999
S2.9278.92,CUENCA  - Sur Este,CUENCA,AZUAY,CAPITAL PROVINCIAL,-2.92,-78.92,0.39050001,0.71850002
S3.0878.76,SIGSIG,SIGSIG,AZUAY,CABECERA CANTONAL,-3.08,-78.76,0.3953,0.72430003
S3.0078.76,SIGSIG - Norte,SIGSIG,AZUAY,CABECERA CANTONAL,-3.0,-78.76,0.39680001,0.72659999
S3.1678.52,SN. JUAN BOSCO - Sur,SAN JUAN BOSCO,MORONA SANTIAGO,CABECERA CANTONAL,-3.16,-78.52,0.41510001,0.76319999
S3.0878.52,SN. JUAN BOSCO - Norte,SAN JUAN BOSCO,MORONA SANTIAGO,CABECERA CANTONAL,-3.08,-78.52,0.41780001,0.76910001
S3.0078.44,GENERAL LEONIDAS PLAZA- ,LIMON INDANZA,MORONA SANTIAGO,CABECERA CANTONAL,-3.0,-78.44,0.42750001,0.78930002
S2.8478.92,CUENCA  - Nor Este,CUENCA,AZUAY,CAPITAL PROVINCIAL,-2.84,-78.92,0.3915,0.7202
S2.7678.76,PAUTE,PAUTE,AZUAY,CABECERA CANTONAL,-2.76,-78.76,0.39829999,0.72970003
S2.7678.92,DELEG,DELEG,CAÑAR,CABECERA CANTONAL,-2.76,-78.92,0.39219999,0.72130001
S2.7678.84,AZOGUES,AZOGUES,CAÑAR,CAPITAL PROVINCIAL,-2.76,-78.84,0.39500001,0.72500002
S2.8478.76,PAUTE - Sur,PAUTE,AZUAY,CABECERA CANTONAL,-2.84,-78.76,0.39829999,0.7295
S2.6878.92,BIBLIAN,BIBLIAN,CAÑAR,CABECERA CANTONAL,-2.68,-78.92,0.39250001,0.72170001
S2.6078.92,CAÑAR,CAÑAR,CAÑAR,CABECERA CANTONAL,-2.6,-78.92,0.39250001,0.72149998
S2.8478.68,SEVILLA DE ORO - Sur,SEVILLA DE ORO,AZUAY,CABECERA CANTONAL,-2.84,-78.68,0.40310001,0.7378
S2.7678.68,GUACHAPALA,GUACHAPALA,AZUAY,CABECERA CANTONAL,-2.76,-78.68,0.40279999,0.7378
S2.9278.44,GENERAL LEONIDAS PLAZA - Norte,LIMON INDANZA,MORONA SANTIAGO,CABECERA CANTONAL,-2.92,-78.44,0.42820001,0.79119998
S3.0878.04,SANTIAGO,TIWINTZA,MORONA SANTIAGO,CABECERA CANTONAL,-3.08,-78.04,0.4391,0.81059998
S3.0877.96,SANTIAGO - Este,TIWINTZA,MORONA SANTIAGO,CABECERA CANTONAL,-3.08,-77.96,0.4395,0.8114
S2.6878.36,SANTIAGO DE MENDEZ,SANTIAGO,MORONA SANTIAGO,CABECERA CANTONAL,-2.68,-78.36,0.42829999,0.79430002
S2.7678.36,CHUPIANZA,SANTIAGO,MORONA SANTIAGO,CABECERA CANTONAL,-2.76,-78.36,0.43079999,0.79790002
S2.7678.28,PATUCA,SANTIAGO,MORONA SANTIAGO,CABECERA CANTONAL,-2.76,-78.28,0.43309999,0.8028
S2.6878.28,SANTIAGO DE MENDEZ - Este,SANTIAGO,MORONA SANTIAGO,CABECERA CANTONAL,-2.68,-78.28,0.43040001,0.79890001
S2.6078.20,LOGROÑO - Norte,LOGROÐO,MORONA SANTIAGO,CABECERA CANTONAL,-2.6,-78.2,0.42699999,0.79390001
S2.6878.20,LOGROÑO - Sur,LOGROÐO,MORONA SANTIAGO,CABECERA CANTONAL,-2.68,-78.2,0.4314,0.80089998
S2.5278.92,EL TAMBO,EL TAMBO,CAÑAR,CABECERA CANTONAL,-2.52,-78.92,0.3926,0.72109997
S2.2078.84,ALAUSI,ALAUSI,CHIMBORAZO,CABECERA CANTONAL,-2.2,-78.84,0.4075,0.7421
S2.2878.92,CHUNCHI,CHUNCHI,CHIMBORAZO,CABECERA CANTONAL,-2.28,-78.92,0.4111,0.75349998
S1.9678.68,GUAMOTE,GUAMOTE,CHIMBORAZO,CABECERA CANTONAL,-1.96,-78.68,0.4032,0.73329997
S2.4478.20,SUCUA,SUCUA,MORONA SANTIAGO,CABECERA CANTONAL,-2.44,-78.2,0.4138,0.77079999
S2.3678.12,MACAS - Sur,MORONA,MORONA SANTIAGO,CAPITAL PROVINCIAL,-2.36,-78.12,0.405,0.7536
S2.2878.12,MACAS - Norte,MORONA,MORONA SANTIAGO,CAPITAL PROVINCIAL,-2.28,-78.12,0.39680001,0.7378
S2.4478.12,SANTA MARIANITA DE JESUS,SUCUA,MORONA SANTIAGO,CABECERA CANTONAL,-2.44,-78.12,0.4131,0.7694
S1.7279.00,SAN JOSE DE CHIMBO,CHIMBO,BOLIVAR,CABECERA CANTONAL,-1.72,-79.0,0.37450001,0.67930001
S1.7278.76,VILLA LA UNION,COLTA,CHIMBORAZO,CABECERA CANTONAL,-1.72,-78.76,0.50029999,0.94389999
S1.6479.00,GUARANDA - Sur,GUARANDA,BOLIVAR,CAPITAL PROVINCIAL,-1.64,-79.0,0.34639999,0.62529999
S1.5679.00,GUARANDA - Norte,GUARANDA,BOLIVAR,CAPITAL PROVINCIAL,-1.56,-79.0,0.32969999,0.59600002
S1.7278.68,RIOBAMBA - Sur,RIOBAMBA,CHIMBORAZO,CAPITAL PROVINCIAL,-1.72,-78.68,0.46000001,0.8416
S1.7278.60,CHAMBO,CHAMBO,CHIMBORAZO,CABECERA CANTONAL,-1.72,-78.6,0.43740001,0.80159998
S1.6478.60,GUANO,GUANO,CHIMBORAZO,CABECERA CANTONAL,-1.64,-78.6,0.45840001,0.83840001
S1.5678.68,SAN ANDRES,GUANO,CHIMBORAZO,CABECERA CANTONAL,-1.56,-78.68,0.53479999,1.04630005
S1.4078.60,QUERO,QUERO,TUNGURAHUA,CABECERA CANTONAL,-1.4,-78.6,0.52850002,1.00100005
S1.4078.68,MOCHA,MOCHA,TUNGURAHUA,CABECERA CANTONAL,-1.4,-78.68,0.4826,0.89130002
S1.6478.68,RIOBAMBA,RIOBAMBA,CHIMBORAZO,CAPITAL PROVINCIAL,-1.64,-78.68,0.4923,0.91689998
S1.5678.52,PENIPE,PENIPE,CHIMBORAZO,CABECERA CANTONAL,-1.56,-78.52,0.46250001,0.84619999
S1.4878.12,MERA,MERA,PASTAZA,CABECERA CANTONAL,-1.48,-78.12,0.44139999,0.85570002
S1.4877.96,PUYO - Este,PASTAZA,PASTAZA,CAPITAL PROVINCIAL,-1.48,-77.96,0.40079999,0.77939999
S1.4878.04,PUYO,PASTAZA,PASTAZA,CAPITAL PROVINCIAL,-1.48,-78.04,0.42469999,0.82690001
S2.3677.48,TAISHA,TAISHA,MORONA SANTIAGO,CABECERA CANTONAL,-2.36,-77.48,0.38609999,0.72180003
S1.5680.84,PUERTO LOPEZ,PUERTO LOPEZ,MANABI,CABECERA CANTONAL,-1.56,-80.84,0.4677,0.90069997
S1.0880.68,MONTECRISTI,MONTECRISTI,MANABI,CABECERA CANTONAL,-1.08,-80.68,0.43560001,0.83999997
S1.0880.52,PORTOVIEJO - Sur Oeste,PORTOVIEJO,MANABI,CAPITAL PROVINCIAL,-1.08,-80.52,0.38850001,0.73549998
S1.0880.44,PORTOVIEJO ,PORTOVIEJO,MANABI,CAPITAL PROVINCIAL,-1.08,-80.44,0.36739999,0.69349998
S1.2480.44,SUCRE - Norte,24 DE MAYO,MANABI,CABECERA CANTONAL,-1.24,-80.44,0.36340001,0.68199998
S1.1680.36,SANTA ANA DE VUELTA LARGA - Norte,SANTA ANA,MANABI,CABECERA CANTONAL,-1.16,-80.36,0.34990001,0.65700001
S1.1680.44,PORTOVIEJO - Sur,PORTOVIEJO,MANABI,CAPITAL PROVINCIAL,-1.16,-80.44,0.3653,0.68709999
S1.2480.36,SANTA ANA DE VUELTA LARGA - Sur,SANTA ANA,MANABI,CABECERA CANTONAL,-1.24,-80.36,0.34799999,0.65149999
S1.0080.76,MANTA - Este,MANTA,MANABI,CABECERA CANTONAL,-1.0,-80.76,0.46129999,0.90289998
S1.0080.68,MANTA,MANTA,MANABI,CABECERA CANTONAL,-1.0,-80.68,0.4355,0.8427
S0.9280.60,JARAMIJO - Este,JARAMIJO,MANABI,CABECERA CANTONAL,-0.92,-80.6,0.41350001,0.79830003
S1.0080.60,JARAMIJO - Sur Este,JARAMIJO,MANABI,CABECERA CANTONAL,-1.0,-80.6,0.41240001,0.79170001
S1.0080.52,PORTOVIEJO - Nor Oeste,PORTOVIEJO,MANABI,CAPITAL PROVINCIAL,-1.0,-80.52,0.3908,0.74349999
S1.0080.44,PORTOVIEJO - Norte,PORTOVIEJO,MANABI,CAPITAL PROVINCIAL,-1.0,-80.44,0.37009999,0.70240003
S0.9280.44,ROCAFUERTE,ROCAFUERTE,MANABI,CABECERA CANTONAL,-0.92,-80.44,0.3739,0.71499997
S0.6880.44,BAHIA DE CARAQUEZ - Sur,SUCRE,MANABI,CABECERA CANTONAL,-0.68,-80.44,0.3935,0.77899998
S0.9280.68,JARAMIJO - Norte,JARAMIJO,MANABI,CABECERA CANTONAL,-0.92,-80.68,0.435,0.84609997
S0.6080.44,SAN VICENTE - Oeste,SAN VICENTE,MANABI,CABECERA CANTONAL,-0.6,-80.44,0.4041,0.80980003
S0.6080.44,BAHIA DE CARAQUEZ,SUCRE,MANABI,CABECERA CANTONAL,-0.6,-80.44,0.4041,0.80980003
S0.9280.20,JUNIN,JUNIN,MANABI,CABECERA CANTONAL,-0.92,-80.2,0.3337,0.63749999
S0.8480.20,CALCETA - Oeste,BOLIVAR,MANABI,CABECERA CANTONAL,-0.84,-80.2,0.33629999,0.64840001
S0.8480.12,CALCETA Este,BOLIVAR,MANABI,CABECERA CANTONAL,-0.84,-80.12,0.32530001,0.62669998
S0.6880.36,PUERTO EL EBANO,SUCRE,MANABI,CABECERA CANTONAL,-0.68,-80.36,0.3768,0.74400002
S0.7680.28,TOSAGUA - Este,TOSAGUA,MANABI,CABECERA CANTONAL,-0.76,-80.28,0.3536,0.68900001
S0.7680.20,TOSAGUA,TOSAGUA,MANABI,CABECERA CANTONAL,-0.76,-80.2,0.34060001,0.6631
S0.6880.04,CHONE - Este,CHONE,MANABI,CABECERA CANTONAL,-0.68,-80.04,0.3265,0.64020002
S0.6880.12,CHONE - Oeste,CHONE,MANABI,CABECERA CANTONAL,-0.68,-80.12,0.33629999,0.66060001
S0.6080.36,SAN VICENTE - Este,SAN VICENTE,MANABI,CABECERA CANTONAL,-0.6,-80.36,0.38870001,0.77789998
S1.0879.80,PICHINCHA,PICHINCHA,MANABI,CABECERA CANTONAL,-1.08,-79.8,0.292,0.55290002
S1.0079.80,PICHINCHA - Norte,PICHINCHA,MANABI,CABECERA CANTONAL,-1.0,-79.8,0.29429999,0.56029999
S1.0879.64,VELASCO IBARRA (EL EMPALME) - Sur,EMPALME,GUAYAS,CABECERA CANTONAL,-1.08,-79.64,0.28569999,0.53930002
S1.0079.64,VELASCO IBARRA (EL EMPALME) - Norte,EMPALME,GUAYAS,CABECERA CANTONAL,-1.0,-79.64,0.287,0.5442
S1.1679.48,MOCACHE,MOCACHE,LOS RIOS,CABECERA CANTONAL,-1.16,-79.48,0.28209999,0.52950001
S1.2479.32,QUINSALOMA,QUINSALOMA,LOS RIOS,CABECERA CANTONAL,-1.24,-79.32,0.2841,0.52950001
S1.3279.32,LAS NAVES,LAS NAVES,BOLIVAR,CABECERA CANTONAL,-1.32,-79.32,0.2861,0.5334
S1.0879.48,QUEVEDO - Sur,QUEVEDO,LOS RIOS,CABECERA CANTONAL,-1.08,-79.48,0.2818,0.52990001
S1.0079.48,QUEVEDO,QUEVEDO,LOS RIOS,CABECERA CANTONAL,-1.0,-79.48,0.28220001,0.53189999
S0.9279.48,SAN JACINTO DE BUENA FE - Sur,BUENA FE,LOS RIOS,CABECERA CANTONAL,-0.92,-79.48,0.28330001,0.53560001
S1.0079.40,QUEVEDO - Nor Este,QUEVEDO,LOS RIOS,CABECERA CANTONAL,-1.0,-79.4,0.28080001,0.52740002
S1.0079.32,SAN JACINTO (CHIPE HAMBURGO N2),VALENCIA,LOS RIOS,CABECERA CANTONAL,-1.0,-79.32,0.28040001,0.5244
S0.9279.32,VALENCIA,VALENCIA,LOS RIOS,CABECERA CANTONAL,-0.92,-79.32,0.28029999,0.52530003
S0.9279.40,LA CADENA,VALENCIA,LOS RIOS,CABECERA CANTONAL,-0.92,-79.4,0.28130001,0.52969998
S0.4479.88,FLAVIO ALFARO - Sur,FLAVIO ALFARO,MANABI,CABECERA CANTONAL,-0.44,-79.88,0.33750001,0.67470002
S0.8479.48,SAN JACINTO DE BUENA FE - Norte,BUENA FE,LOS RIOS,CABECERA CANTONAL,-0.84,-79.48,0.28490001,0.5413
S0.4477.00,PUERTO FRANCISCO DE ORELLANA (COCA),ORELLANA,ORELLANA,CAPITAL PROVINCIAL,-0.44,-77.0,0.1734,0.3265
S2.2880.92,SALINAS,SALINAS,SANTA ELENA,CABECERA CANTONAL,-2.28,-80.92,0.4348,0.84619999
S0.3679.88,FLAVIO ALFARO - Norte,FLAVIO ALFARO,MANABI,CABECERA CANTONAL,-0.36,-79.88,0.3488,0.70240003
N0.0480.04,PEDERNALES - Sur,PEDERNALES,MANABI,CABECERA CANTONAL,0.04,-80.04,0.4709,0.97079998
N0.1280.04,PEDERNALES - Norte,PEDERNALES,MANABI,CABECERA CANTONAL,0.12,-80.04,0.4921,1.01779997
S0.2879.48,EL CARMEN,EL CARMEN,MANABI,CABECERA CANTONAL,-0.28,-79.48,0.31799999,0.62919998
S0.2879.40,EL CARMEN - Este,EL CARMEN,MANABI,CABECERA CANTONAL,-0.28,-79.4,0.31040001,0.61040002
S0.0479.40,LA CONCORDIA - Sur,LA CONCORDIA,ESMERALDAS,CABECERA CANTONAL,-0.04,-79.4,0.33320001,0.6649
N0.0479.4,LA CONCORDIA - Norte,LA CONCORDIA,ESMERALDAS,CABECERA CANTONAL,0.04,-79.4,0.3418,0.6846
S0.2080.28,JAMA,JAMA,MANABI,CABECERA CANTONAL,-0.2,-80.28,0.4718,0.98070002
S1.0080.84,SANTA MARIANITA,MANTA,MANABI,CABECERA CANTONAL,-1.0,-80.84,0.4883,0.96890002
N0.6880.04,MUISNE - Oeste,MUISNE,ESMERALDAS,CABECERA CANTONAL,0.68,-80.04,0.63940001,1.35399997
N0.679.96,MUISNE  - Este,MUISNE,ESMERALDAS,CABECERA CANTONAL,0.6,-79.96,0.58969998,1.22790003
N0.8479.8,ATACAMES - Este,ATACAMES,ESMERALDAS,CABECERA CANTONAL,0.84,-79.8,0.588,1.22000003
N0.8479.88,ATACAMES - Oeste,ATACAMES,ESMERALDAS,CABECERA CANTONAL,0.84,-79.88,0.61739999,1.29250002
N0.2879.48,ROSA ZARATE - Sur,QUININDE,ESMERALDAS,CABECERA CANTONAL,0.28,-79.48,0.382,0.77679998
N0.3679.48,ROSA ZARATE - Norte,QUININDE,ESMERALDAS,CABECERA CANTONAL,0.36,-79.48,0.3937,0.79949999
N1.3278.84,SAN LORENZO - Norte,SAN LORENZO,ESMERALDAS,CABECERA CANTONAL,1.32,-78.84,0.3901,0.79079998
N0.9279.64,ESMERALDAS - Norte,ESMERALDAS,ESMERALDAS,CAPITAL PROVINCIAL,0.92,-79.64,0.54720002,1.12609994
N179.4,RIO VERDE,RIOVERDE,ESMERALDAS,CABECERA CANTONAL,1.0,-79.4,0.47749999,0.97860003
N0.9279.72,ESMERALDAS  - Sur,ESMERALDAS,ESMERALDAS,CAPITAL PROVINCIAL,0.92,-79.72,0.57660002,1.1918
S1.1679.08,EL CORAZON,PANGUA,COTOPAXI,CABECERA CANTONAL,-1.16,-79.08,0.2942,0.53820002
S0.9279.24,LA MANA,LA MANA,COTOPAXI,CABECERA CANTONAL,-0.92,-79.24,0.2809,0.52289999
S1.2478.68,AMBATO - Oeste,AMBATO,TUNGURAHUA,CAPITAL PROVINCIAL,-1.24,-78.68,0.4594,0.84799999
S1.3278.68,TISALEO,TISALEO,TUNGURAHUA,CABECERA CANTONAL,-1.32,-78.68,0.47040001,0.8689
S1.3278.60,CEVALLOS,CEVALLOS,TUNGURAHUA,CABECERA CANTONAL,-1.32,-78.6,0.50419998,0.93199998
S1.2478.60,AMBATO,AMBATO,TUNGURAHUA,CAPITAL PROVINCIAL,-1.24,-78.6,0.48280001,0.8829
S1.1678.60,PILLARO - Oeste,SANTIAGO DE PILLARO,TUNGURAHUA,CABECERA CANTONAL,-1.16,-78.6,0.4813,0.88499999
S1.0878.60,SAN MIGUEL,SALCEDO,COTOPAXI,CABECERA CANTONAL,-1.08,-78.6,0.4754,0.87849998
S1.3278.52,PATATE  y PELILEO,PATATE,TUNGURAHUA,CABECERA CANTONAL,-1.32,-78.52,0.54869998,1.0381
S1.2478.52,SAN MIGUELITO,SANTIAGO DE PILLARO,TUNGURAHUA,CABECERA CANTONAL,-1.24,-78.52,0.52859998,0.97960001
S1.1678.52,PILLARO,SANTIAGO DE PILLARO,TUNGURAHUA,CABECERA CANTONAL,-1.16,-78.52,0.5183,0.95609999
S0.9278.68,PUJILI,PUJILI,COTOPAXI,CABECERA CANTONAL,-0.92,-78.68,0.47060001,0.90369999
S1.0078.68,PUJILI - Sur,PUJILI,COTOPAXI,CABECERA CANTONAL,-1.0,-78.68,0.47350001,0.90329999
S1.0078.60,LATACUNGA - Sur,LATACUNGA,COTOPAXI,CAPITAL PROVINCIAL,-1.0,-78.6,0.4698,0.87739998
S0.9278.60,LATACUNGA,LATACUNGA,COTOPAXI,CAPITAL PROVINCIAL,-0.92,-78.6,0.4619,0.86549997
S0.8478.68,SAQUISILI,SAQUISILI,COTOPAXI,CABECERA CANTONAL,-0.84,-78.68,0.46180001,0.88609999
S0.6878.92,SIGCHOS,SIGCHOS,COTOPAXI,CABECERA CANTONAL,-0.68,-78.92,0.31439999,0.57200003
S0.2879.08,SANTO DOMINGO DE LOS COLORADOS - Este,SANTO DOMINGO,SANTO DOMINGO DE LOS TSACHILAS,CAPITAL PROVINCIAL,-0.28,-79.08,0.29120001,0.55089998
S0.2879.24,SANTO DOMINGO DE LOS COLORADOS - Oeste,SANTO DOMINGO,SANTO DOMINGO DE LOS TSACHILAS,CAPITAL PROVINCIAL,-0.28,-79.24,0.29769999,0.57599998
S0.2879.16,SANTO DOMINGO DE LOS COLORADOS,SANTO DOMINGO,SANTO DOMINGO DE LOS TSACHILAS,CAPITAL PROVINCIAL,-0.28,-79.16,0.2933,0.56190002
S0.2079.16,SANTO DOMINGO DE LOS COLORADOS - Norte,SANTO DOMINGO,SANTO DOMINGO DE LOS TSACHILAS,CAPITAL PROVINCIAL,-0.2,-79.16,0.29719999,0.57300001
S0.2079.24,SANTO DOMINGO DE LOS COLORADOS - Nor Oeste,SANTO DOMINGO,SANTO DOMINGO DE LOS TSACHILAS,CAPITAL PROVINCIAL,-0.2,-79.24,0.30270001,0.58929998
S0.5278.60,MACHACHI,MEJIA,PICHINCHA,CABECERA CANTONAL,-0.52,-78.6,0.4756,0.91329998
S0.5278.52,MACHACHI - Este,MEJIA,PICHINCHA,CABECERA CANTONAL,-0.52,-78.52,0.46180001,0.87050003
S0.2878.60,QUITO - Sur Oeste,QUITO,PICHINCHA,CAPITAL PROVINCIAL,-0.28,-78.6,0.48800001,0.94419998
S0.3678.60,QUITO Sur sur Oeste,QUITO,PICHINCHA,CAPITAL PROVINCIAL,-0.36,-78.6,0.50029999,0.96950001
S0.1278.52,QUITO - Nor Oeste,QUITO,PICHINCHA,CAPITAL PROVINCIAL,-0.12,-78.52,0.4869,0.949
S0.3678.52,QUITO - Sur -sur,QUITO,PICHINCHA,CAPITAL PROVINCIAL,-0.36,-78.52,0.51789999,1.02509999
S0.2078.52,QUITO - Centro,QUITO,PICHINCHA,CAPITAL PROVINCIAL,-0.2,-78.52,0.50950003,0.99330002
S0.3678.44,SANGOLQUI - Sur,RUMIÐAHUI,PICHINCHA,CABECERA CANTONAL,-0.36,-78.44,0.4718,0.89630002
S0.2878.44,SANGOLQUI - Norte,RUMIÐAHUI,PICHINCHA,CABECERA CANTONAL,-0.28,-78.44,0.49770001,0.96530002
S0.1278.44,QUITO - Nor Este,QUITO,PICHINCHA,CAPITAL PROVINCIAL,-0.12,-78.44,0.51300001,1.02639997
S0.2878.52,QUITO - Sur,QUITO,PICHINCHA,CAPITAL PROVINCIAL,-0.28,-78.52,0.52170002,1.02460003
S0.2078.44,CUMBAYA,QUITO,PICHINCHA,CAPITAL PROVINCIAL,-0.2,-78.44,0.51719999,1.03120005
N0.0479.08,PEDRO VICENTE MALDONADO - Sur,PEDRO VICENTE MALDONADO,PICHINCHA,CABECERA CANTONAL,0.04,-79.08,0.30579999,0.59490001
N0.1279.08,PEDRO VICENTE MALDONADO,PEDRO VICENTE MALDONADO,PICHINCHA,CABECERA CANTONAL,0.12,-79.08,0.31130001,0.60949999
N0.1279.24,PUERTO QUITO,PUERTO QUITO,PICHINCHA,CABECERA CANTONAL,0.12,-79.24,0.32960001,0.6559
N0.1279,PEDRO VICENTE MALDONADO - Este,PEDRO VICENTE MALDONADO,PICHINCHA,CABECERA CANTONAL,0.12,-79.0,0.3044,0.5898
N0.0478.92,SAN MIGUEL DE LOS BANCOS,SAN MIGUEL DE LOS BANCOS,PICHINCHA,CABECERA CANTONAL,0.04,-78.92,0.2974,0.56510001
S0.0478.52,QUITO,QUITO,PICHINCHA,CAPITAL PROVINCIAL,-0.04,-78.52,0.45750001,0.898
S0.0478.44,POMASQUI,QUITO,PICHINCHA,CAPITAL PROVINCIAL,-0.04,-78.44,0.49039999,0.9824
N1.1679,LIMONES(VALDEZ),ELOY ALFARO,ESMERALDAS,CABECERA CANTONAL,1.16,-79.0,0.40180001,0.81519997
N1.2478.84,SAN LORENZO - Sur,SAN LORENZO,ESMERALDAS,CABECERA CANTONAL,1.24,-78.84,0.38170001,0.77420002
N0.8477.72,TULCAN,TULCAN,CARCHI,CAPITAL PROVINCIAL,0.84,-77.72,0.28479999,0.57929999
S1.2477.88,SANTA CLARA,SANTA CLARA,PASTAZA,CABECERA CANTONAL,-1.24,-77.88,0.4073,0.79930001
S1.1677.88,CARLOS JULIO AROSEMENA,CARLOS JULIO AROSEMENA TOLA,NAPO,CABECERA CANTONAL,-1.16,-77.88,0.4165,0.81730002
S1.2477.72,ARAJUNO,ARAJUNO,PASTAZA,CABECERA CANTONAL,-1.24,-77.72,0.34200001,0.65289998
S0.9277.80,ARCHIDONA,ARCHIDONA,NAPO,CABECERA CANTONAL,-0.92,-77.8,0.42210001,0.83160001
S1.0077.80,TENA,TENA,NAPO,CAPITAL PROVINCIAL,-1.0,-77.8,0.40450001,0.792
S0.4477.88,BAEZA,QUIJOS,NAPO,CABECERA CANTONAL,-0.44,-77.88,0.5528,1.13380003
S0.6877.32,LORETO,LORETO,ORELLANA,CABECERA CANTONAL,-0.68,-77.32,0.27739999,0.54750001
S0.3677.80,EL CHACO,EL CHACO,NAPO,CABECERA CANTONAL,-0.36,-77.8,0.49380001,0.98199999
N0.0478.2,TABACUNDO,PEDRO MONCAYO,PICHINCHA,CABECERA CANTONAL,0.04,-78.2,0.34060001,0.63779998
N0.0478.12,CAYAMBE,CAYAMBE,PICHINCHA,CABECERA CANTONAL,0.04,-78.12,0.34,0.64950001
N0.0477.32,LUMBAQUI,GONZALO PIZARRO,SUCUMBIOS,CABECERA CANTONAL,0.04,-77.32,0.27340001,0.55119997
N0.0477.24,EL DORADO DE CASCALES - Sur,CASCALES,SUCUMBIOS,CABECERA CANTONAL,0.04,-77.24,0.2499,0.49149999
N0.2878.2,ATUNTAQUI - Sur,ANTONIO ANTE,IMBABURA,CABECERA CANTONAL,0.28,-78.2,0.31600001,0.61610001
N0.2878.28,COTACACHI,COTACACHI,IMBABURA,CABECERA CANTONAL,0.28,-78.28,0.31510001,0.60610002
N0.2878.12,SAN MIGUEL DE IBARRA - Sur,IBARRA,IMBABURA,CAPITAL PROVINCIAL,0.28,-78.12,0.30779999,0.5812
N0.3678.2,ATUNTAQUI - Norte,ANTONIO ANTE,IMBABURA,CABECERA CANTONAL,0.36,-78.2,0.3134,0.62660003
N0.4478.2,URCUQUI,SAN MIGUEL DE URCUQUI,IMBABURA,CABECERA CANTONAL,0.44,-78.2,0.30180001,0.58209997
N0.3678.12,SAN MIGUEL DE IBARRA,IBARRA,IMBABURA,CAPITAL PROVINCIAL,0.36,-78.12,0.31079999,0.611
N0.4477.96,JUNCAL,BOLIVAR,CARCHI,CABECERA CANTONAL,0.44,-77.96,0.29190001,0.55000001
N0.3677.96,PIMAMPIRO,PIMAMPIRO,IMBABURA,CABECERA CANTONAL,0.36,-77.96,0.2949,0.54909998
N0.5278.04,MIRA (CHONTAHUASI),MIRA,CARCHI,CABECERA CANTONAL,0.52,-78.04,0.31189999,0.66469997
N0.677.96,EL ANGEL,ESPEJO,CARCHI,CABECERA CANTONAL,0.6,-77.96,0.3082,0.66399997
N0.678.04,EL HATO,MIRA,CARCHI,CABECERA CANTONAL,0.6,-78.04,0.2987,0.5934
N0.5277.96,LOS ANDES,BOLIVAR,CARCHI,CABECERA CANTONAL,0.52,-77.96,0.2994,0.59140003
N0.278.28,OTAVALO,OTAVALO,IMBABURA,CABECERA CANTONAL,0.2,-78.28,0.32969999,0.62879997
N0.677.8,SAN GABRIEL,MONTUFAR,CARCHI,CABECERA CANTONAL,0.6,-77.8,0.28380001,0.5388
N0.677.88,SAN GABRIEL -Oeste,MONTUFAR,CARCHI,CABECERA CANTONAL,0.6,-77.88,0.29750001,0.6006
N0.5277.88,BOLIVAR,BOLIVAR,CARCHI,CABECERA CANTONAL,0.52,-77.88,0.28839999,0.54710001
N0.677.72,HUACA,SAN PEDRO DE HUACA,CARCHI,CABECERA CANTONAL,0.6,-77.72,0.28040001,0.52039999
N0.6877.72,JULIO ANDRADE,SAN PEDRO DE HUACA,CARCHI,CABECERA CANTONAL,0.68,-77.72,0.2753,0.51959997
N0.7677.72,TULCAN - Sur,TULCAN,CARCHI,CAPITAL PROVINCIAL,0.76,-77.72,0.27790001,0.53899997
N0.4477.56,LA BONITA,SUCUMBIOS,SUCUMBIOS,CABECERA CANTONAL,0.44,-77.56,0.435,0.94669998
N0.1277.24,EL DORADO DE CASCALES - Norte,CASCALES,SUCUMBIOS,CABECERA CANTONAL,0.12,-77.24,0.2448,0.4772
S0.9275.40,NUEVO ROCAFUERTE,AGUARICO,ORELLANA,CABECERA CANTONAL,-0.92,-75.4,0.0967,0.2052
S0.2876.84,LA JOYA DE LOS SACHAS,LA JOYA DE LOS SACHAS,ORELLANA,CABECERA CANTONAL,-0.28,-76.84,0.1417,0.26609999
S0.2076.60,SHUSHUFINDI - Este,SHUSHUFINDI,SUCUMBIOS,CABECERA CANTONAL,-0.2,-76.6,0.1125,0.2164
S0.2076.68,SHUSHUFINDI - Oeste,SHUSHUFINDI,SUCUMBIOS,CABECERA CANTONAL,-0.2,-76.68,0.1193,0.2272
N0.0476.92,NUEVA LOJA - Sur,LAGO AGRIO,SUCUMBIOS,CAPITAL PROVINCIAL,0.04,-76.92,0.148,0.27779999
N0.0476.84,NUEVA LOJA  - Sur Este,LAGO AGRIO,SUCUMBIOS,CAPITAL PROVINCIAL,0.04,-76.84,0.1305,0.24339999
N0.1276.92,NUEVA LOJA,LAGO AGRIO,SUCUMBIOS,CAPITAL PROVINCIAL,0.12,-76.92,0.1461,0.2737
N0.1276.84,NUEVA LOJA - Nor Este,LAGO AGRIO,SUCUMBIOS,CAPITAL PROVINCIAL,0.12,-76.84,0.1279,0.2379
S0.1276.36,TARAPOA,CUYABENO,SUCUMBIOS,CABECERA CANTONAL,-0.12,-76.36,0.092,0.1821
N0.1275.88,PUERTO EL CARMEN DE PUTUMAYO,PUTUMAYO,SUCUMBIOS,CABECERA CANTONAL,0.12,-75.88,0.0571,0.1205
