poblacion,parroquia,canton,provincia,z,parish_code,lat,lon
CUENCA,CUENCA,CUENCA,AZUAY,0.25000,010150,-2.88752,-79.00028
CHORDELEG,CHORDELEG,CHORDELEG,AZUAY,0.25000,011150,-2.94116,-78.77637
GUALACEO,GUALACEO,GUALACEO,AZUAY,0.25000,010350,-2.89465,-78.79903
SEVILLA DE ORO,SEVILLA DE ORO,SEVILLA DE ORO,AZUAY,0.25000,011350,-2.79624,-78.62355
EL PAN,EL PAN,EL PAN,AZUAY,0.25000,011250,-2.78019,-78.67018
PAUTE,CHICAN (GUILLERMO ORTEGA),PAUTE,AZUAY,0.25000,010553,-2.81364,-78.74995
GUARANDA,GUARANDA,GUARANDA,BOLIVAR,0.35000,020150,-1.51013,-79.01395
SAN LORENZO,SAN LORENZO,GUARANDA,BOLIVAR,0.35000,020156,-1.68638,-78.92931
SANTIAGO,SANTIAGO,SAN MIGUEL,BOLIVAR,0.35000,020555,-1.72700,-78.94411
SAN JOSE DEL TAMBO,SAN JOSE DEL TAMBO,CHILLANES,BOLIVAR,0.35000,020251,-2.01970,-79.18762
SAN SIMON,SAN SIMON (YACOTO),GUARANDA,BOLIVAR,0.35000,020157,-1.63534,-78.92380
SAN MIGUEL DE BOLIVAR,SAN MIGUEL,SAN MIGUEL,BOLIVAR,0.35000,020550,-1.76709,-79.04318
SAN JOSE DE CHIMBO,SAN JOSE DE CHIMBO,CHIMBO,BOLIVAR,0.35000,020350,-1.66384,-79.01937
SIMIATUG,SIMIATUG,GUARANDA,BOLIVAR,0.30000,020159,-1.27218,-78.98133
SAN LUIS DE PAMBIL,SAN LUIS DE PAMBIL,GUARANDA,BOLIVAR,0.30000,020160,-1.24527,-79.21471
FACUNDO VELA,FACUNDO VELA,GUARANDA,BOLIVAR,0.30000,020151,-1.21040,-79.12548
LAS MERCEDES,LAS NAVES,LAS NAVES,BOLIVAR,0.30000,020750,-1.28682,-79.29257
LAS NAVES,LAS NAVES,LAS NAVES,BOLIVAR,0.30000,020750,-1.28682,-79.29257
SAN LUIS DE LAS MERCEDES,SAN LUIS DE PAMBIL,GUARANDA,BOLIVAR,0.30000,020160,-1.24527,-79.21471
ECHEANDIA,ECHEANDIA,ECHEANDIA,BOLIVAR,0.30000,020450,-1.45538,-79.26289
CHILLANES,CHILLANES,CHILLANES,BOLIVAR,0.40000,020250,-2.00671,-79.08362
CAÑAR,CAÑAR,CAÑAR,CAÑAR,0.30000,030350,-2.54433,-78.98443
EL TAMBO,EL TAMBO,EL TAMBO,CAÑAR,0.30000,030550,-2.49134,-78.91881
LA PUNTILLA,PANCHO NEGRO,LA TRONCAL,CAÑAR,0.40000,030452,-2.47207,-79.41954
LA TRONCAL,LA TRONCAL,LA TRONCAL,CAÑAR,0.40000,030450,-2.43923,-79.32561
DELEG,DELEG,DELEG,CAÑAR,0.25000,030650,-2.75133,-78.94070
AZOGUES,AZOGUES,AZOGUES,CAÑAR,0.25000,030150,-2.71691,-78.82333
BIBLIAN,BIBLIAN,BIBLIAN,CAÑAR,0.25000,030250,-2.66559,-78.90820
HUACA,HUACA,SAN PEDRO DE HUACA,CARCHI,0.40000,040650,0.63110,-77.72476
EL PLAYON DE SAN FRANCISCO,EL CARMELO (EL PUN),TULCAN,CARCHI,0.40000,040151,0.66245,-77.61409
MARISCAL SUCRE,MARISCAL SUCRE,SAN PEDRO DE HUACA,CARCHI,0.40000,040651,0.59265,-77.70317
TULCAN,TULCAN,TULCAN,CARCHI,0.40000,040150,0.77344,-77.76158
EL ANGEL,EL ANGEL,ESPEJO,CARCHI,0.40000,040350,0.64298,-77.97182
SAN GABRIEL,SAN GABRIEL,MONTUFAR,CARCHI,0.40000,040550,0.57261,-77.82057
EL CARMELO,EL CARMELO (EL PUN),TULCAN,CARCHI,0.40000,040151,0.66245,-77.61409
LA LIBERTAD,LA LIBERTAD (ALIZO),ESPEJO,CARCHI,0.40000,040352,0.70514,-77.95940
JULIO ANDRADE,JULIO ANDRADE (OREJUELA),TULCAN,CARCHI,0.40000,040153,0.69264,-77.71080
LA PAZ,LA PAZ,MONTUFAR,CARCHI,0.40000,040554,0.51882,-77.84827
SAN ISIDRO,SAN ISIDRO,ESPEJO,CARCHI,0.40000,040353,0.60482,-78.00014
SAN JOSE DE TINAJILLAS,GARCIA MORENO,BOLIVAR,CARCHI,0.40000,040251,0.54594,-77.96646
SANTA MARTHA DE CUBA,SANTA MARTHA DE CUBA,TULCAN,CARCHI,0.40000,040161,0.64786,-77.76237
GARCIA MORENO,GARCIA MORENO,BOLIVAR,CARCHI,0.40000,040251,0.54594,-77.96646
MONTE OLIVO,MONTE OLIVO,BOLIVAR,CARCHI,0.40000,040253,0.39692,-77.84321
PIQUIUCHO,LOS ANDES,BOLIVAR,CARCHI,0.40000,040252,0.48249,-77.95742
PUEBLO NUEVO,SAN RAFAEL,BOLIVAR,CARCHI,0.40000,040255,0.42747,-77.90802
PUSIR,SAN VICENTE DE PUSIR,BOLIVAR,CARCHI,0.40000,040254,0.49384,-78.02204
LOS ANDES,LOS ANDES,BOLIVAR,CARCHI,0.40000,040252,0.48249,-77.95742
FERNANDEZ SALVADOR,FERNANDEZ SALVADOR,MONTUFAR,CARCHI,0.40000,040553,0.57180,-77.72612
SAN VICENTE DE PUSIR,SAN VICENTE DE PUSIR,BOLIVAR,CARCHI,0.40000,040254,0.49384,-78.02204
MIRA,MIRA (CHONTAHUASI),MIRA,CARCHI,0.40000,040450,0.55687,-78.05169
BOLIVAR,BOLIVAR,BOLIVAR,CARCHI,0.40000,040250,0.49332,-77.89233
TUFIÑO,TUFIÑO,TULCAN,CARCHI,0.40000,040157,0.76306,-77.86909
CALPÍ,CAÑI,COLTA,CHIMBORAZO,0.35000,060351,-1.79657,-78.96206
PALLATANGA,PALLATANGA,PALLATANGA,CHIMBORAZO,0.40000,060850,-2.01711,-78.93018
PUNGAL GRANDE,GUANO,GUANO,CHIMBORAZO,0.40000,060750,-1.60449,-78.61878
GUANO,GUANO,GUANO,CHIMBORAZO,0.40000,060750,-1.60449,-78.61878
PENIPE,PENIPE,PENIPE,CHIMBORAZO,0.40000,060950,-1.58431,-78.50567
SAN ANDRES,SAN ANDRES,GUANO,CHIMBORAZO,0.40000,060754,-1.51647,-78.75130
SAN ISIDRO DE PATULU,SAN ISIDRO DE PATULU,GUANO,CHIMBORAZO,0.40000,060756,-1.54140,-78.67501
VALPARAISO,VALPARAISO,GUANO,CHIMBORAZO,0.40000,060759,-1.55145,-78.60864
SAN JOSE DE CHAZO,SAN JOSE DEL CHAZO,GUANO,CHIMBORAZO,0.40000,060757,-1.52798,-78.55289
GUANANDO,GUANANDO,GUANO,CHIMBORAZO,0.40000,060751,-1.50706,-78.52833
CALPI,CALPI,RIOBAMBA,CHIMBORAZO,0.40000,060152,-1.61759,-78.75390
LICÍN,RIOBAMBA,RIOBAMBA,CHIMBORAZO,0.40000,060150,-1.67251,-78.66224
QUIMIAG,QUIMIAG,RIOBAMBA,CHIMBORAZO,0.40000,060159,-1.67482,-78.51684
ASUNCION,CALPI,RIOBAMBA,CHIMBORAZO,0.40000,060152,-1.61759,-78.75390
MACAJÁ,RIOBAMBA,RIOBAMBA,CHIMBORAZO,0.40000,060150,-1.67251,-78.66224
PUELA,PUELA,PENIPE,CHIMBORAZO,0.40000,060953,-1.50490,-78.43943
RIOBAMBA,GUANO,GUANO,CHIMBORAZO,0.40000,060750,-1.60449,-78.61878
ILAPO,ILAPO,GUANO,CHIMBORAZO,0.40000,060752,-1.54784,-78.58052
SAN GERARDO,SAN GERARDO DE PACAICAGUAN,GUANO,CHIMBORAZO,0.40000,060755,-1.63654,-78.61545
SAN ANTONIO DE BAYUSHIG,SAN ANTONIO DE BAYUSHIG,PENIPE,CHIMBORAZO,0.40000,060954,-1.54943,-78.51802
SANTA FE DE GALAN,SANTA FE DE GALAN,GUANO,CHIMBORAZO,0.40000,060758,-1.49682,-78.57048
SAN VICENTE,RIOBAMBA,RIOBAMBA,CHIMBORAZO,0.40000,060150,-1.67251,-78.66224
CHAMBO,CHAMBO,CHAMBO,CHIMBORAZO,0.40000,060450,-1.75068,-78.53895
PUNIN,PUNIN,RIOBAMBA,CHIMBORAZO,0.40000,060158,-1.76170,-78.67271
LICTO,LICTO,RIOBAMBA,CHIMBORAZO,0.40000,060156,-1.79864,-78.61741
PUNGALA,PUNGALA,RIOBAMBA,CHIMBORAZO,0.40000,060157,-1.85972,-78.50031
YARUQUIES,RIOBAMBA,RIOBAMBA,CHIMBORAZO,0.40000,060150,-1.67251,-78.66224
SAN LUIS,SAN LUIS,RIOBAMBA,CHIMBORAZO,0.40000,060161,-1.71133,-78.64137
JUAN DE VELASCO,JUAN DE VELASCO,COLTA,CHIMBORAZO,0.40000,060353,-1.86156,-78.91224
TUFIÑO,TUFIÑO,TULCAN,CARCHI,0.40000,040157,0.76306,-77.86909
CALPÍ,CAÑI,COLTA,CHIMBORAZO,0.35000,060351,-1.79657,-78.96206
PALLATANGA,PALLATANGA,PALLATANGA,CHIMBORAZO,0.40000,060850,-2.01711,-78.93018
PUNGAL GRANDE,GUANO,GUANO,CHIMBORAZO,0.40000,060750,-1.60449,-78.61878
GUANO,GUANO,GUANO,CHIMBORAZO,0.40000,060750,-1.60449,-78.61878
PENIPE,PENIPE,PENIPE,CHIMBORAZO,0.40000,060950,-1.58431,-78.50567
SAN ANDRES,SAN ANDRES,GUANO,CHIMBORAZO,0.40000,060754,-1.51647,-78.75130
SAN ISIDRO DE PATULU,SAN ISIDRO DE PATULU,GUANO,CHIMBORAZO,0.40000,060756,-1.54140,-78.67501
VALPARAISO,VALPARAISO,GUANO,CHIMBORAZO,0.40000,060759,-1.55145,-78.60864
SAN JOSE DE CHAZO,SAN JOSE DEL CHAZO,GUANO,CHIMBORAZO,0.40000,060757,-1.52798,-78.55289
GUANANDO,GUANANDO,GUANO,CHIMBORAZO,0.40000,060751,-1.50706,-78.52833
CALPI,CALPI,RIOBAMBA,CHIMBORAZO,0.40000,060152,-1.61759,-78.75390
LICÍN,RIOBAMBA,RIOBAMBA,CHIMBORAZO,0.40000,060150,-1.67251,-78.66224
QUIMIAG,QUIMIAG,RIOBAMBA,CHIMBORAZO,0.40000,060159,-1.67482,-78.51684
ASUNCION,CALPI,RIOBAMBA,CHIMBORAZO,0.40000,060152,-1.61759,-78.75390
MACAJÁ,RIOBAMBA,RIOBAMBA,CHIMBORAZO,0.40000,060150,-1.67251,-78.66224
PUELA,PUELA,PENIPE,CHIMBORAZO,0.40000,060953,-1.50490,-78.43943
RIOBAMBA,GUANO,GUANO,CHIMBORAZO,0.40000,060750,-1.60449,-78.61878
ILAPO,ILAPO,GUANO,CHIMBORAZO,0.40000,060752,-1.54784,-78.58052
SAN GERARDO,SAN GERARDO DE PACAICAGUAN,GUANO,CHIMBORAZO,0.40000,060755,-1.63654,-78.61545
SAN ANTONIO DE BAYUSHIG,SAN ANTONIO DE BAYUSHIG,PENIPE,CHIMBORAZO,0.40000,060954,-1.54943,-78.51802
SANTA FE DE GALAN,SANTA FE DE GALAN,GUANO,CHIMBORAZO,0.40000,060758,-1.49682,-78.57048
SAN VICENTE,RIOBAMBA,RIOBAMBA,CHIMBORAZO,0.40000,060150,-1.67251,-78.66224
CHAMBO,CHAMBO,CHAMBO,CHIMBORAZO,0.40000,060450,-1.75068,-78.53895
PUNIN,PUNIN,RIOBAMBA,CHIMBORAZO,0.40000,060158,-1.76170,-78.67271
LICTO,LICTO,RIOBAMBA,CHIMBORAZO,0.40000,060156,-1.79864,-78.61741
PUNGALA,PUNGALA,RIOBAMBA,CHIMBORAZO,0.40000,060157,-1.85972,-78.50031
YARUQUIES,RIOBAMBA,RIOBAMBA,CHIMBORAZO,0.40000,060150,-1.67251,-78.66224
SAN LUIS,SAN LUIS,RIOBAMBA,CHIMBORAZO,0.40000,060161,-1.71133,-78.64137
JUAN DE VELASCO,JUAN DE VELASCO,COLTA,CHIMBORAZO,0.40000,060353,-1.86156,-78.91224
CEBADAS,(PANGOR) CEBADAS,GUAMOTE,CHIMBORAZO,0.40000,060651,-2.04660,-78.55052
CAJABAMBA,VILLA LA UNION (CAJABAMBA),COLTA,CHIMBORAZO,0.40000,060350,-1.72487,-78.79413
CUBIJIES,GUANO,GUANO,CHIMBORAZO,0.40000,060750,-1.60449,-78.61878
SAN JUAN,SAN JUAN,RIOBAMBA,CHIMBORAZO,0.40000,060160,-1.56711,-78.82997
COLUMBE,COLUMBE,COLTA,CHIMBORAZO,0.40000,060352,-1.85844,-78.78106
MATUS,EL ALTAR,PENIPE,CHIMBORAZO,0.40000,060951,-1.54611,-78.44172
VILLA LA UNION,VILLA LA UNION (CAJABAMBA),COLTA,CHIMBORAZO,0.40000,060350,-1.72487,-78.79413
GUAMOTE,GUAMOTE,GUAMOTE,CHIMBORAZO,0.40000,060650,-2.00271,-78.69192
LLACTAPAMBA DE ALAO,PUNGALA,RIOBAMBA,CHIMBORAZO,0.35000,060157,-1.85972,-78.50031
CHUNCHI,CHUNCHI,CHUNCHI,CHIMBORAZO,0.35000,060550,-2.33360,-78.87228
ALAUSI,SIBAMBE,ALAUSI,CHIMBORAZO,0.35000,060259,-2.19172,-78.91403
ANGAMARCA,ANGAMARCA,PUJILI,COTOPAXI,0.30000,050451,-1.11473,-78.90454
LA MANA,LA MANA,LA MANA,COTOPAXI,0.30000,050250,-0.92655,-79.22976
ZUMBAHUA,ZUMBAHUA,PUJILI,COTOPAXI,0.30000,050458,-0.95698,-78.89646
EL CORAZON,EL CORAZON,PANGUA,COTOPAXI,0.30000,050350,-1.14369,-79.03243
MORASPUNGO,MORASPUNGO,PANGUA,COTOPAXI,0.30000,050351,-1.08641,-79.22437
SIGCHOS,SIGCHOS,SIGCHOS,COTOPAXI,0.30000,050750,-0.61752,-78.91215
CUSUBAMBA,CUSUBAMBA,SALCEDO,COTOPAXI,0.40000,050552,-1.09215,-78.74724
ALAQUES,ALAQUES (ALAQUEZ),LATACUNGA,COTOPAXI,0.40000,050151,-0.85052,-78.49481
MULALILLO,MULALILLO,SALCEDO,COTOPAXI,0.40000,050553,-1.10387,-78.63815
PANSALEO,PANSALEO,SALCEDO,COTOPAXI,0.40000,050555,-1.09305,-78.58249
ANTONIO JOSE HOLGUIN,ANTONIO JOSE HOLGUIN,SALCEDO,COTOPAXI,0.40000,050551,-1.09708,-78.60004
GUAITACAMA,GUAITACAMA (GUAYTACAMA),LATACUNGA,COTOPAXI,0.40000,050153,-0.82982,-78.64125
MULLIQUINDIL,MULLIQUINDIL (SANTA ANA),SALCEDO,COTOPAXI,0.40000,050554,-1.01668,-78.53743
SAQUISILI,CHANTILIN,SAQUISILI,COTOPAXI,0.40000,050652,-0.85261,-78.64738
MARISCAL SUCRE,POALO,LATACUNGA,COTOPAXI,0.40000,050158,-0.88411,-78.71220
LATACUNGA,LATACUNGA,LATACUNGA,COTOPAXI,0.40000,050150,-0.92435,-78.54369
LA VICTORIA,LA VICTORIA,PUJILI,COTOPAXI,0.40000,050455,-0.91252,-78.69971
SAN JUAN DE PASTOCALLE,SAN JUAN DE PASTOCALLE,LATACUNGA,COTOPAXI,0.40000,050159,-0.68105,-78.63572
TANICUCHA,TANICUCHI,LATACUNGA,COTOPAXI,0.40000,050161,-0.76414,-78.64618
TOACASO,TOACASO,LATACUNGA,COTOPAXI,0.40000,050162,-0.71469,-78.75736
MULALO,MULALO,LATACUNGA,COTOPAXI,0.40000,050156,-0.73115,-78.51024
SAN AGUSTIN DE CALLO,MULALO,LATACUNGA,COTOPAXI,0.40000,050156,-0.73115,-78.51024
SAN MIGUEL DE SALCEDO,SAN MIGUEL,SALCEDO,COTOPAXI,0.40000,050550,-1.02642,-78.50079
PUJILI,PUJILI,PUJILI,COTOPAXI,0.40000,050450,-0.99143,-78.72281
PORTOVELO,PORTOVELO,PORTOVELO,EL ORO,0.30000,071150,-3.72543,-79.60847
CHILLA,CHILLA,CHILLA,EL ORO,0.30000,070550,-3.44145,-79.62766
PACCHA,PACCHA,ATAHUALPA,EL ORO,0.30000,070350,-3.56113,-79.66159
PIÑAS,PIÑAS,PIÑAS,EL ORO,0.30000,071050,-3.66876,-79.69820
ZARUMA,MALVAS,ZARUMA,EL ORO,0.30000,071356,-3.67383,-79.63043
HUAQUILLAS,HUAQUILLAS,HUAQUILLAS,EL ORO,0.40000,070750,-3.46089,-80.18590
SANTA ROSA,SANTA ROSA,SANTA ROSA,EL ORO,0.40000,071250,-3.44280,-79.92946
ARENILLAS,ARENILLAS,ARENILLAS,EL ORO,0.40000,070250,-3.55974,-80.04313
BELLAVISTA,BELLAVISTA,SANTA ROSA,EL ORO,0.40000,071251,-3.51041,-79.96433
MACHALA,MACHALA,MACHALA,EL ORO,0.40000,070150,-3.28623,-79.93691
BALSAS,BALSAS,BALSAS,EL ORO,0.35000,070450,-3.77082,-79.83281
MARCABELI,MARCABELI,MARCABELI,EL ORO,0.35000,070850,-3.78728,-79.93008
PASAJE,PASAJE,PASAJE,EL ORO,0.35000,070950,-3.38417,-79.76869
BELLA MARIA,BELLAMARIA,SANTA ROSA,EL ORO,0.40000,071257,-3.51776,-79.85677
EL GUABO,EL GUABO,EL GUABO,EL ORO,0.40000,070650,-3.22381,-79.80124
LA UNION,LA UNION,QUININDE,ESMERALDAS,0.50000,080455,0.09654,-79.46694
VICHE,VICHE,QUININDE,ESMERALDAS,0.50000,080454,0.62678,-79.54894
MONTERREY,ROSA ZARATE (QUININDE),QUININDE,ESMERALDAS,0.50000,080450,0.29930,-79.52163
LA VILLEGAS,ROSA ZARATE (QUININDE),QUININDE,ESMERALDAS,0.50000,080450,0.29930,-79.52163
ATACAMES,ATACAMES,ATACAMES,ESMERALDAS,0.50000,080650,0.81201,-79.81787
ROSA ZARATE,ROSA ZARATE (QUININDE),QUININDE,ESMERALDAS,0.50000,080450,0.29930,-79.52163
BOLIVAR,BOLIVAR,MUISNE,ESMERALDAS,0.50000,080351,0.45687,-80.01796
LA INDEPENDENCIA,ROSA ZARATE (QUININDE),QUININDE,ESMERALDAS,0.50000,080450,0.29930,-79.52163
LA TE,MALIMPIA,QUININDE,ESMERALDAS,0.50000,080453,0.43982,-79.19722
ZAPALLO,MALIMPIA,QUININDE,ESMERALDAS,0.50000,080453,0.43982,-79.19722
ESMERALDAS,ESMERALDAS,ESMERALDAS,ESMERALDAS,0.50000,080150,0.94627,-79.68574
SAN LORENZO,SAN LORENZO,SAN LORENZO,ESMERALDAS,0.50000,080550,1.27492,-78.79817
PUERTO GAVIOTA,TONSUPA,ATACAMES,ESMERALDAS,0.50000,080654,0.88025,-79.77327
LA CONCORDIA,LA CONCORDIA,LA CONCORDIA,ESMERALDAS,0.50000,080850,-0.00282,-79.37664
PLAN PILOTO,LA CONCORDIA,LA CONCORDIA,ESMERALDAS,0.40000,080850,-0.00282,-79.37664
VALDEZ,VALDEZ (LIMONES),ELOY ALFARO,ESMERALDAS,0.50000,080250,1.21318,-78.98283
MUISNE,MUISNE,MUISNE,ESMERALDAS,0.50000,080350,0.60609,-79.94584
JUAN GOMEZ RENDON,JUAN GOMEZ RENDON (PROGRESO),GUAYAQUIL,GUAYAS,0.50000,090152,-2.39865,-80.33096
GENERAL VILLAMIL,GENERAL VILLAMIL (PLAYAS),PLAYAS,GUAYAS,0.50000,092150,-2.55689,-80.43818
LA ESTACADA,PEDRO CARBO,PEDRO CARBO,GUAYAS,0.50000,091450,-1.82720,-80.32428
SAN LORENZO,JUAN GOMEZ RENDON (PROGRESO),GUAYAQUIL,GUAYAS,0.50000,090152,-2.39865,-80.33096
SAN CAMILO,GUAYAS (PUEBLO NUEVO),EMPALME,GUAYAS,0.35000,090851,-0.94470,-79.61460
SAN JACINTO DE YAGUACHI,SAN JACINTO DE YAGUACHI,SAN JACINTO DE YAGUACHI,GUAYAS,0.35000,092050,-2.06954,-79.70881
MARISCAL SUCRE,MARISCAL SUCRE (HUAQUES),MILAGRO,GUAYAS,0.35000,091053,-2.08211,-79.50790
LORENZO DE GARAICOA,CRNEL. LORENZO DE GARAICOA,SIMON BOLIVAR,GUAYAS,0.35000,092251,-2.06383,-79.37371
SANTO DOMINGO,SIMON BOLIVAR,SIMON BOLIVAR,GUAYAS,0.35000,092250,-2.00328,-79.45135
SAMBORONDON,SAMBORONDON,SAMBORONDON,GUAYAS,0.35000,091650,-1.99127,-79.76357
GENERAL VERNAZA,GRAL. VERNAZA (DOS ESTEROS),SALITRE,GUAYAS,0.35000,091951,-1.77028,-79.78095
MATA DE CACAO,CRNEL. LORENZO DE GARAICOA,SIMON BOLIVAR,GUAYAS,0.35000,092251,-2.06383,-79.37371
VELASCO IBARRA,VELASCO IBARRA (CAB. EL EMPALME),EMPALME,GUAYAS,0.35000,090850,-1.03692,-79.67275
MILAGRO,MILAGRO,MILAGRO,GUAYAS,0.35000,091050,-2.10199,-79.57864
PEDRO J. MONTERO,GRAL. PEDRO J. MONTERO (BOLICHE),SAN JACINTO DE YAGUACHI,GUAYAS,0.35000,092053,-2.26276,-79.59184
NARANJITO,NARANJITO,NARANJITO,GUAYAS,0.35000,091250,-2.15415,-79.39804
CORONEL MARCELINO MARIDUEÑA,CRNEL. MARCELINO MARIDUEÑA,CRNEL. MARCELINO MARIDUEÑA,GUAYAS,0.35000,092350,-2.23934,-79.38238
ALFREDO BAQUERIZO MORENO,ALFREDO BAQUERIZO MORENO,ALFREDO BAQUERIZO MORENO,GUAYAS,0.30000,090250,-1.94674,-79.54725
CARLOS J. AROSEMENA,GUAYAS (PUEBLO NUEVO),EMPALME,GUAYAS,0.40000,090851,-0.94470,-79.61460
LA GUAYAQUIL,BALZAR,BALZAR,GUAYAS,0.40000,090450,-1.29026,-79.90732
PALESTINA,PALESTINA,PALESTINA,GUAYAS,0.40000,091350,-1.63676,-79.91941
PEDRO VELEZ,EL ROSARIO,EMPALME,GUAYAS,0.40000,090852,-1.05276,-79.77865
SANTA LUCIA,EL ROSARIO,EMPALME,GUAYAS,0.40000,090852,-1.05276,-79.77865
BALZAR,BALZAR,BALZAR,GUAYAS,0.40000,090450,-1.29026,-79.90732
SANTA LUCIA,SANTA LUCIA,SANTA LUCIA,GUAYAS,0.40000,091850,-1.71452,-80.03511
JUNQUILLAL,JUNQUILLAL,SALITRE,GUAYAS,0.40000,091953,-1.72835,-79.85927
CERRITOS,BALZAR,BALZAR,GUAYAS,0.40000,090450,-1.29026,-79.90732
EL SALITRE,EL SALITRE (LAS RAMAS),SALITRE,GUAYAS,0.40000,091950,-1.83312,-79.82228
DAULE,DAULE,DAULE,GUAYAS,0.40000,090650,-1.89755,-79.96153
COLIMES,COLIMES,COLIMES,GUAYAS,0.40000,090550,-1.49986,-80.06661
CASCAJAL,VALLE DE LA VIRGEN,PEDRO CARBO,GUAYAS,0.40000,091451,-1.72646,-80.19126
ZAMORA NUEVO,PEDRO CARBO,PEDRO CARBO,GUAYAS,0.40000,091450,-1.82720,-80.32428
EL PIÑAL DE ABAJO,LIMONAL,DAULE,GUAYAS,0.40000,090654,-1.80677,-80.01177
PEDRO CARBO,PEDRO CARBO,PEDRO CARBO,GUAYAS,0.40000,091450,-1.82720,-80.32428
LAS CAÑAS,LOMAS DE SARGENTILLO,LOMAS DE SARGENTILLO,GUAYAS,0.40000,092450,-1.85073,-80.08043
PUEBLO NUEVO,ISIDRO AYORA,ISIDRO AYORA,GUAYAS,0.40000,092850,-1.96233,-80.16248
LAS MERCEDES,ISIDRO AYORA,ISIDRO AYORA,GUAYAS,0.40000,092850,-1.96233,-80.16248
SABANILLA,SABANILLA,PEDRO CARBO,GUAYAS,0.40000,091452,-1.92861,-80.26303
ISIDRO AYORA,ISIDRO AYORA,ISIDRO AYORA,GUAYAS,0.40000,092850,-1.96233,-80.16248
LOMAS DE SARGENTILLO,LOMAS DE SARGENTILLO,LOMAS DE SARGENTILLO,GUAYAS,0.40000,092450,-1.85073,-80.08043
BALAO,BALAO,BALAO,GUAYAS,0.40000,090350,-2.89256,-79.73414
NARANJAL,NARANJAL,NARANJAL,GUAYAS,0.40000,091150,-2.71146,-79.64142
EL TRIUNFO,EL TRIUNFO,EL TRIUNFO,GUAYAS,0.40000,090950,-2.29488,-79.35966
TAURA,VIRGEN DE FATIMA,SAN JACINTO DE YAGUACHI,GUAYAS,0.40000,092056,-2.26524,-79.67075
NARCIZA DE JESUS,NARCISA DE JESUS,NOBOL,GUAYAS,0.40000,092550,-1.96575,-80.04937
DAULE,DAULE,DAULE,GUAYAS,0.40000,090650,-1.89755,-79.96153
LA PUNTILLA,SAMBORONDON,SAMBORONDON,GUAYAS,0.40000,091650,-1.99127,-79.76357
LAUREL,JUNQUILLAL,SALITRE,GUAYAS,0.40000,091953,-1.72835,-79.85927
LAUREL,LAUREL,DAULE,GUAYAS,0.40000,090653,-1.81258,-79.91658
PUEBLO NUEVO,SIMON BOLIVAR,SIMON BOLIVAR,GUAYAS,0.50000,092250,-2.00328,-79.45135
SIMON BOLIVAR,SIMON BOLIVAR,SIMON BOLIVAR,GUAYAS,0.50000,092250,-2.00328,-79.45135
KILOMETRO VEINTE Y SEIS,VIRGEN DE FATIMA,SAN JACINTO DE YAGUACHI,GUAYAS,0.35000,092056,-2.26524,-79.67075
ELOY ALFARO,ELOY ALFARO (DURAN),DURAN,GUAYAS,0.40000,090750,-2.23019,-79.78215
GUAYAQUIL,GUAYAQUIL,GUAYAQUIL,GUAYAS,0.40000,090150,-2.33324,-80.03900
CARPUELA,AMBUQUI,IBARRA,IMBABURA,0.40000,100151,0.40866,-78.02045
CHALGUAYACU,PIMAMPIRO,PIMAMPIRO,IMBABURA,0.40000,100550,0.35992,-77.94820
PIMAMPIRO,PIMAMPIRO,PIMAMPIRO,IMBABURA,0.40000,100550,0.35992,-77.94820
MARIANO ACOSTA,MARIANO ACOSTA,PIMAMPIRO,IMBABURA,0.40000,100552,0.24259,-77.98827
EL JUNCAL,AMBUQUI,IBARRA,IMBABURA,0.40000,100151,0.40866,-78.02045
SAN RAFAEL,SAN RAFAEL,OTAVALO,IMBABURA,0.40000,100458,0.17891,-78.23355
AMBUQUI,AMBUQUI,IBARRA,IMBABURA,0.40000,100151,0.40866,-78.02045
SAN ANTONIO DE IBARRA,SAN ANTONIO,IBARRA,IMBABURA,0.40000,100157,0.32140,-78.17119
SAN FRANCISCO DE NATABUELA,SAN ANTONIO,IBARRA,IMBABURA,0.40000,100157,0.32140,-78.17119
SAN JOSE DE CHALTURA,SAN JOSE DE CHALTURA,ANTONIO ANTE,IMBABURA,0.40000,100253,0.36633,-78.18933
IMANTAG,IMANTAG,COTACACHI,IMBABURA,0.40000,100353,0.44945,-78.34784
COTACACHI,COTACACHI,COTACACHI,IMBABURA,0.40000,100350,0.31269,-78.29912
QUIROGA,QUIROGA,COTACACHI,IMBABURA,0.40000,100356,0.29927,-78.38788
SAN MIGUEL DE IBARRA,IMBAYA (SAN LUIS DE COBUENDO),ANTONIO ANTE,IMBABURA,0.40000,100251,0.37846,-78.15735
LA CALERA,COTACACHI,COTACACHI,IMBABURA,0.40000,100350,0.31269,-78.29912
SAN ROQUE,SAN ROQUE,ANTONIO ANTE,IMBABURA,0.40000,100254,0.29852,-78.22319
SAN JUAN DE ILUMAN,SAN JUAN DE ILUMAN,OTAVALO,IMBABURA,0.40000,100456,0.27289,-78.22598
SALINAS,SALINAS,IBARRA,IMBABURA,0.40000,100156,0.49343,-78.13832
CAHUASQUI,CAHUASQUI,SAN MIGUEL DE URCUQUI,IMBABURA,0.40000,100651,0.51687,-78.26304
PABLO ARENAS,PABLO ARENAS,SAN MIGUEL DE URCUQUI,IMBABURA,0.40000,100653,0.48787,-78.21450
TUMBABIRO,TUMBABIRO,SAN MIGUEL DE URCUQUI,IMBABURA,0.40000,100655,0.45641,-78.19572
SAN BLAS,URCUQUI,SAN MIGUEL DE URCUQUI,IMBABURA,0.40000,100650,0.42017,-78.17705
PRIORATO,SAN MIGUEL DE IBARRA,IBARRA,IMBABURA,0.40000,100150,0.36064,-78.09183
SAN MIGUEL DE YAHUARCOCHA,SAN MIGUEL DE IBARRA,IBARRA,IMBABURA,0.40000,100150,0.36064,-78.09183
CARANQUI,SAN MIGUEL DE IBARRA,IBARRA,IMBABURA,0.40000,100150,0.36064,-78.09183
SANTA ROSA,SAN MIGUEL DE IBARRA,IBARRA,IMBABURA,0.40000,100150,0.36064,-78.09183
OTAVALO,DOCTOR MIGUEL EGAS CABEZAS,OTAVALO,IMBABURA,0.40000,100451,0.25244,-78.22869
CRUZ LOMA,EUGENIO ESPEJO (CALPAQUI),OTAVALO,IMBABURA,0.40000,100452,0.18647,-78.25375
SAN JOSE DE QUICHINCHE,SAN JOSE DE QUICHINCHE,OTAVALO,IMBABURA,0.40000,100455,0.24831,-78.35076
SAN PABLO DEL LAGO,SAN PABLO,OTAVALO,IMBABURA,0.40000,100457,0.20793,-78.16859
GONZALEZ SUAREZ,GONZALEZ SUAREZ,OTAVALO,IMBABURA,0.40000,100453,0.15280,-78.20257
ATUNTAQUI,SAN JOSE DE CHALTURA,ANTONIO ANTE,IMBABURA,0.40000,100253,0.36633,-78.18933
URCUQUI,URCUQUI,SAN MIGUEL DE URCUQUI,IMBABURA,0.40000,100650,0.42017,-78.17705
CHAGUARPAMBA,CHAGUARPAMBA,CHAGUARPAMBA,LOJA,0.30000,110550,-3.86569,-79.62854
CATACOCHA,CATACOCHA,PALTAS,LOJA,0.30000,110950,-4.07751,-79.64846
ALAMOR,ALAMOR,PUYANGO,LOJA,0.40000,111050,-3.97111,-80.06114
MACARA,MACARA,MACARA,LOJA,0.35000,110850,-4.32243,-79.96304
CELICA,CELICA,CELICA,LOJA,0.35000,110450,-4.14929,-79.95015
SOZORANGA,SOZORANGA,SOZORANGA,LOJA,0.35000,111250,-4.24499,-79.78885
CATAMAYO,CATAMAYO (LA TOMA),CATAMAYO,LOJA,0.25000,110350,-3.96932,-79.34891
AMALUZA,AMALUZA,ESPINDOLA,LOJA,0.25000,110650,-4.59623,-79.39153
QUILANGA,QUILANGA,QUILANGA,LOJA,0.25000,111550,-4.29532,-79.41165
CARIAMANGA,CARIAMANGA,CALVAS,LOJA,0.25000,110250,-4.32727,-79.56709
LOJA,LOJA,LOJA,LOJA,0.25000,110150,-3.99425,-79.20405
SAN JACINTO DE BUENA FE,SAN JACINTO DE BUENA FE,BUENA FE,LOS RIOS,0.35000,121050,-0.77165,-79.50840
JAUNECHE,PALENQUE,PALENQUE,LOS RIOS,0.35000,120950,-1.33423,-79.71523
ANTONIO SOTOMAYOR,ANTONIO SOTOMAYOR,VINCES,LOS RIOS,0.35000,120851,-1.66084,-79.78944
BABA,BABA,BABA,LOS RIOS,0.35000,120250,-1.80000,-79.68543
QUEVEDO,QUEVEDO,QUEVEDO,LOS RIOS,0.35000,120550,-1.02455,-79.47943
VINCES,VINCES,VINCES,LOS RIOS,0.35000,120850,-1.49079,-79.71886
PALENQUE,PALENQUE,PALENQUE,LOS RIOS,0.35000,120950,-1.33423,-79.71523
LA UNION,LA UNION,BABAHOYO,LOS RIOS,0.30000,120155,-1.72036,-79.37998
COSTA AZUL,VALENCIA,VALENCIA,LOS RIOS,0.30000,121150,-0.77749,-79.30669
VALENCIA,VALENCIA,VALENCIA,LOS RIOS,0.30000,121150,-0.77749,-79.30669
MONTALVO,MONTALVO,MONTALVO,LOS RIOS,0.30000,120350,-1.82334,-79.32795
QUINSALOMA,QUINSALOMA,QUINSALOMA,LOS RIOS,0.30000,121350,-1.14006,-79.35651
SAN JUAN,SAN JUAN,PUEBLOVIEJO,LOS RIOS,0.30000,120452,-1.65029,-79.55665
SAN CARLOS,SAN CARLOS,QUEVEDO,LOS RIOS,0.30000,120553,-1.11325,-79.42337
MOCACHE,MOCACHE,MOCACHE,LOS RIOS,0.30000,121250,-1.18961,-79.54989
PUEBLOVIEJO,PUEBLOVIEJO,PUEBLOVIEJO,LOS RIOS,0.30000,120450,-1.55442,-79.54098
CATARAMA,CATARAMA,URDANETA,LOS RIOS,0.30000,120650,-1.58662,-79.48281
BABAHOYO,BABAHOYO,BABAHOYO,LOS RIOS,0.30000,120150,-1.85233,-79.50773
VENTANAS,VENTANAS,VENTANAS,LOS RIOS,0.30000,120750,-1.45663,-79.44629
PATRICIA PILAR,PATRICIA PILAR,BUENA FE,LOS RIOS,0.40000,121051,-0.59604,-79.41453
COLON,PORTOVIEJO,PORTOVIEJO,MANABI,0.50000,130150,-1.07743,-80.46226
JULCUY,JULCUY,JIPIJAPA,MANABI,0.50000,130653,-1.50263,-80.64031
CHARAPOTO,CHARAPOTO,SUCRE,MANABI,0.50000,131453,-0.78717,-80.44697
FLAVIO ALFARO,FLAVIO ALFARO,FLAVIO ALFARO,MANABI,0.50000,130550,-0.34983,-79.80321
SAN PEDRO DE SUMA,SAN PEDRO DE SUMA,EL CARMEN,MANABI,0.50000,130452,-0.16678,-79.56418
ROCAFUERTE,ROCAFUERTE,ROCAFUERTE,MANABI,0.50000,131250,-0.90568,-80.40587
RIOCHICO,RIOCHICO (RIO CHICO),PORTOVIEJO,MANABI,0.50000,130155,-0.98673,-80.38740
SAN ISIDRO,SAN ISIDRO,BAHIA DE CARAQUEZ,MANABI,0.50000,,,
ELOY ALFARO,ELOY ALFARO,CHONE,MANABI,0.50000,130355,-0.40641,-80.08193
SAN JACINTO,CHARAPOTO,SUCRE,MANABI,0.50000,131453,-0.78717,-80.44697
SAN VICENTE,SAN VICENTE,SAN VICENTE,MANABI,0.50000,132250,-0.55469,-80.32899
LEONIDAS PLAZA,BAHIA DE CARAQUEZ,SUCRE,MANABI,0.50000,131450,-0.68716,-80.40368
CALCETA,CALCETA,BOLIVAR,MANABI,0.50000,130250,-0.92000,-80.05529
JARAMIJO,JARAMIJO,JARAMIJO,MANABI,0.50000,132150,-0.97533,-80.60433
SANTA ANA DE VUELTA LARGA,SANTA ANA DE VUELTA LARGA,SANTA ANA,MANABI,0.50000,131350,-1.22507,-80.35906
CHONE,CHONE,CHONE,MANABI,0.50000,130350,-0.65963,-79.88791
EL AROMO,MANTA,MANTA,MANABI,0.50000,130850,-1.00989,-80.77302
PILES,MONTECRISTI,MONTECRISTI,MANABI,0.50000,130950,-1.12671,-80.71617
SAN LORENZO,SAN LORENZO,MANTA,MANABI,0.50000,130851,-1.08860,-80.87140
PACOCHE ABAJO,SANTA MARIANITA,MANTA,MANABI,0.50000,130852,-1.01407,-80.84742
EL LIMON,PORTOVIEJO,PORTOVIEJO,MANABI,0.50000,130150,-1.07743,-80.46226
CALDERON,ABDON CALDERON (SAN FRANCISCO),PORTOVIEJO,MANABI,0.50000,130151,-1.04745,-80.32459
PORTOVIEJO,PORTOVIEJO,PORTOVIEJO,MANABI,0.50000,130150,-1.07743,-80.46226
SAN PLACIDO,SAN PLACIDO,PORTOVIEJO,MANABI,0.50000,130156,-1.05726,-80.14099
SUCRE,SUCRE,24 DE MAYO,MANABI,0.50000,131650,-1.30335,-80.42340
SANCAN,JIPIJAPA,JIPIJAPA,MANABI,0.50000,130650,-1.30378,-80.55558
MEMBRILLAL,MEMBRILLAL,JIPIJAPA,MANABI,0.50000,130656,-1.23725,-80.66921
RIO DE CAÑA,MONTECRISTI,MONTECRISTI,MANABI,0.50000,130950,-1.12671,-80.71617
JIPIJAPA,JIPIJAPA,JIPIJAPA,MANABI,0.50000,130650,-1.30378,-80.55558
EL ANEGADO,EL ANEGADO (CAB EN ELOY ALFARO),JIPIJAPA,MANABI,0.50000,130652,-1.50084,-80.53296
EL ESFUERZO,BELLAVISTA,24 DE MAYO,MANABI,0.50000,131651,-1.36952,-80.31435
NOBOA,NOBOA,24 DE MAYO,MANABI,0.50000,131652,-1.44846,-80.38619
BELLAVISTA,OLMEDO,OLMEDO,MANABI,0.50000,131850,-1.36159,-80.21384
PAJAN,PAJAN,PAJAN,MANABI,0.50000,131050,-1.55147,-80.46940
CASCOL,CASCOL,PAJAN,MANABI,0.50000,131052,-1.77477,-80.46800
PEDRO PABLO GOMEZ,PEDRO PABLO GOMEZ,JIPIJAPA,MANABI,0.50000,130657,-1.68671,-80.57310
SALANGO,SALANGO,PUERTO LOPEZ,MANABI,0.50000,131952,-1.63658,-80.80315
RIO CHICO,SALANGO,PUERTO LOPEZ,MANABI,0.50000,131952,-1.63658,-80.80315
PUERTO LOPEZ,PUERTO LOPEZ,PUERTO LOPEZ,MANABI,0.50000,131950,-1.59735,-80.73691
AYAMPE,SALANGO,PUERTO LOPEZ,MANABI,0.50000,131952,-1.63658,-80.80315
MONTECRISTI,MONTECRISTI,MONTECRISTI,MANABI,0.50000,130950,-1.12671,-80.71617
AGUA PATO,EL ANEGADO (CAB EN ELOY ALFARO),JIPIJAPA,MANABI,0.50000,130652,-1.50084,-80.53296
COJIMIES,COJIMIES,PEDERNALES,MANABI,0.50000,131751,0.22402,-79.86449
PEDERNALES,PEDERNALES,PEDERNALES,MANABI,0.50000,131750,0.07194,-79.85790
QUIROGA,QUIROGA,BOLIVAR,MANABI,0.50000,130252,-0.92735,-80.08445
JUNIN,JUNIN,JUNIN,MANABI,0.50000,130750,-0.94180,-80.19531
CANUTO,CANUTO,CHONE,MANABI,0.50000,130352,-0.79760,-80.05589
TOSAGUA,TOSAGUA,TOSAGUA,MANABI,0.50000,131550,-0.76916,-80.29632
EL PUEBLITO,CHARAPOTO,SUCRE,MANABI,0.50000,131453,-0.78717,-80.44697
JAMA,JAMA,JAMA,MANABI,0.50000,132050,-0.22106,-80.23046
MANTA,MONTECRISTI,MONTECRISTI,MANABI,0.50000,130950,-1.12671,-80.71617
SAN CLEMENTE,CHARAPOTO,SUCRE,MANABI,0.50000,131453,-0.78717,-80.44697
SAN PABLO,SAN PABLO (PUEBLO NUEVO),SANTA ANA,MANABI,0.40000,131355,-1.21392,-80.05994
EL CARMEN,EL CARMEN,EL CARMEN,MANABI,0.40000,130450,-0.38991,-79.53173
LA BRAMADORA,EL CARMEN,EL CARMEN,MANABI,0.40000,130450,-0.38991,-79.53173
BARRAGANETE,BARRAGANETE,PICHINCHA,MANABI,0.40000,131151,-0.74738,-79.79298
MEMBRILLO,MEMBRILLO,BOLIVAR,MANABI,0.40000,130251,-0.87000,-79.94543
OLMEDO,OLMEDO,OLMEDO,MANABI,0.40000,131850,-1.36159,-80.21384
PICHINCHA,PICHINCHA,PICHINCHA,MANABI,0.40000,131150,-0.95192,-79.84761
LA UNION,LA UNION,SANTA ANA,MANABI,0.40000,131353,-1.22234,-80.17471
LASCANO,LASCANO,PAJAN,MANABI,0.40000,131054,-1.51898,-80.25053
GUALE,GUALE,PAJAN,MANABI,0.40000,131053,-1.64652,-80.27249
BAHIA DE CARAQUEZ,BAHIA DE CARAQUEZ,SUCRE,MANABI,0.50000,131450,-0.68716,-80.40368
MACHALILLA,MACHALILLA,PUERTO LOPEZ,MANABI,0.50000,131951,-1.46908,-80.73848
PUERTO DE CAYO,PUERTO DE CAYO,JIPIJAPA,MANABI,0.50000,130658,-1.32626,-80.69824
PUERTO RICO,SALANGO,PUERTO LOPEZ,MANABI,0.50000,131952,-1.63658,-80.80315
PALORA,PALORA (METZERA),PALORA,MORONA SANTIAGO,0.30000,140450,-1.69567,-77.99436
PABLO SEXTO,PABLO SEXTO,PABLO SEXTO,MORONA SANTIAGO,0.30000,141150,-1.85849,-78.27579
GENERAL LEONIDAS PLAZA GUTIERREZ,GRAL. LEONIDAS PLAZA GUTIERREZ,LIMON INDANZA,MORONA SANTIAGO,0.30000,140350,-2.98635,-78.53310
SANTIAGO DE MENDEZ,SANTIAGO DE MENDEZ,SANTIAGO,MORONA SANTIAGO,0.30000,140550,-2.61330,-78.39746
SUC┌A,SUCUA,SUCUA,MORONA SANTIAGO,0.30000,140650,-2.45337,-78.19959
MACAS,MACAS,MORONA,MORONA SANTIAGO,0.30000,140150,-2.29996,-78.14989
CUYUJA,CUYUJA,QUIJOS,NAPO,0.40000,150752,-0.42311,-78.06534
SAN FRANCISCO DE BORJA,SAN FRANCISCO DE BORJA,QUIJOS,NAPO,0.40000,150754,-0.43385,-77.87064
EL CHACO,EL CHACO,EL CHACO,NAPO,0.40000,150450,-0.33978,-77.80266
BAEZA,BAEZA,QUIJOS,NAPO,0.40000,150750,-0.49045,-77.96505
PAPALLACTA,PAPALLACTA,QUIJOS,NAPO,0.40000,150753,-0.36686,-78.15723
ARCHIDONA,ARCHIDONA,ARCHIDONA,NAPO,0.35000,150350,-0.73274,-78.18247
COTUNDO,COTUNDO,ARCHIDONA,NAPO,0.35000,150352,-0.70742,-77.88117
TENA,TENA,TENA,NAPO,0.35000,150150,-0.97773,-77.80896
LA JOYA DE LOS SACHAS,LA JOYA DE LOS SACHAS,LA JOYA DE LOS SACHAS,ORELLANA,0.15000,220350,-0.30901,-76.84419
TARACOA,TARACOA,ORELLANA,ORELLANA,0.15000,220152,-0.54342,-76.78219
NUEVO ROCAFUERTE,NUEVO ROCAFUERTE,AGUARICO,ORELLANA,0.15000,220250,-1.01042,-75.59960
TIPUTINI,TIPUTINI,AGUARICO,ORELLANA,0.15000,220254,-0.79171,-75.67132
PAYAMINO,PUERTO FRANCISCO DE ORELLANA,ORELLANA,ORELLANA,0.25000,220150,-0.43967,-76.98903
SAN SEBASTIAN DEL COCA,SAN SEBASTIAN DEL COCA,LA JOYA DE LOS SACHAS,ORELLANA,0.25000,220354,-0.22359,-77.02274
PUERTO FRANCISCO DE ORELLANA,PUERTO FRANCISCO DE ORELLANA,ORELLANA,ORELLANA,0.25000,220150,-0.43967,-76.98903
SHELL,SHELL,MERA,PASTAZA,0.30000,160252,-1.49082,-78.05608
PUYO,PUYO,PASTAZA,PASTAZA,0.30000,160150,-1.47073,-77.98582
MERA,MERA,MERA,PASTAZA,0.35000,160250,-1.33840,-78.06360
SIMËN BOLIVAR,PUERTO QUITO,PUERTO QUITO,PICHINCHA,0.50000,170950,0.15581,-79.23928
BUENOS AIRES,PUERTO QUITO,PUERTO QUITO,PICHINCHA,0.50000,170950,0.15581,-79.23928
EL QUINCHE,EL QUINCHE,QUITO,PICHINCHA,0.40000,170160,-0.11745,-78.26621
SAN ANTONIO DE PICHINCHA,SAN ANTONIO,QUITO,PICHINCHA,0.40000,170180,0.03421,-78.44555
CUMBAYA,CUMBAYA,QUITO,PICHINCHA,0.40000,170157,-0.20878,-78.43631
ARMENIA,GUANGOPOLO,QUITO,PICHINCHA,0.40000,170162,-0.25280,-78.43731
UYUMBICHO,AMAGUAÑA,QUITO,PICHINCHA,0.40000,170152,-0.38193,-78.49093
ALOAG,ALOAG,MEJIA,PICHINCHA,0.40000,170351,-0.45332,-78.64830
CANGAGHUA,CANGAHUA,CAYAMBE,PICHINCHA,0.40000,170252,-0.09065,-78.14643
GUAYLLABAMBA,GUAYLLABAMBA,QUITO,PICHINCHA,0.40000,170163,-0.05402,-78.34301
ASCAZUBI,ASCAZUBI,CAYAMBE,PICHINCHA,0.40000,170251,-0.07623,-78.26357
POMASQUI,POMASQUI,QUITO,PICHINCHA,0.40000,170177,-0.04842,-78.46030
CALDERON,CALDERON (CARAPUNGO),QUITO,PICHINCHA,0.40000,170155,-0.08539,-78.41599
NAYON,NAYON,QUITO,PICHINCHA,0.40000,170170,-0.17048,-78.43082
ZAMBIZA,ZAMBIZA,QUITO,PICHINCHA,0.40000,170186,-0.14437,-78.41847
YARUQUI,YARUQUI,QUITO,PICHINCHA,0.40000,170185,-0.19159,-78.29959
CHECA,CHECA (CHILPA),QUITO,PICHINCHA,0.40000,170159,-0.16300,-78.26260
ALOAG,MACHACHI,MEJIA,PICHINCHA,0.40000,170350,-0.57600,-78.46391
AMAGUAÑA,AMAGUAÑA,QUITO,PICHINCHA,0.40000,170152,-0.38193,-78.49093
PINTAG,PINTAG,QUITO,PICHINCHA,0.40000,170176,-0.44735,-78.33654
LA MERCED,LA MERCED,QUITO,PICHINCHA,0.40000,170164,-0.29411,-78.39037
PUEMBO,PUEMBO,QUITO,PICHINCHA,0.40000,170179,-0.16788,-78.36948
TABABELA,TABABELA,QUITO,PICHINCHA,0.40000,170183,-0.14068,-78.35471
LLANO GRANDE,CALDERON (CARAPUNGO),QUITO,PICHINCHA,0.40000,170155,-0.08539,-78.41599
MACHACHI,MACHACHI,MEJIA,PICHINCHA,0.40000,170350,-0.57600,-78.46391
ANGUMBA,TABACUNDO,PEDRO MONCAYO,PICHINCHA,0.40000,170450,0.05551,-78.21524
HUAYCUPATA,CAYAMBE,CAYAMBE,PICHINCHA,0.40000,170250,-0.03394,-78.04824
NANEGAL,NANEGAL,QUITO,PICHINCHA,0.40000,170168,0.11582,-78.63168
GUALEA,GUALEA,QUITO,PICHINCHA,0.40000,170161,0.11739,-78.76082
TUPIGACHI,TUPIGACHI,PEDRO MONCAYO,PICHINCHA,0.40000,170454,0.09727,-78.19372
CAYAMBE,CAYAMBE,CAYAMBE,PICHINCHA,0.40000,170250,-0.03394,-78.04824
JUAN MONTALVO,CAYAMBE,CAYAMBE,PICHINCHA,0.40000,170250,-0.03394,-78.04824
TABACUNDO,TABACUNDO,PEDRO MONCAYO,PICHINCHA,0.40000,170450,0.05551,-78.21524
LA ESPERANZA,LA ESPERANZA,PEDRO MONCAYO,PICHINCHA,0.40000,170451,0.05680,-78.25691
GUARAQUI,LA ESPERANZA,PEDRO MONCAYO,PICHINCHA,0.40000,170451,0.05680,-78.25691
TOCACHI,TOCACHI,PEDRO MONCAYO,PICHINCHA,0.40000,170453,0.05071,-78.29955
MALCHINGUI,MALCHINGUI,PEDRO MONCAYO,PICHINCHA,0.40000,170452,0.02861,-78.35607
PERUCHO,PERUCHO,QUITO,PICHINCHA,0.40000,170174,0.11392,-78.41865
PUELLARO,PUELLARO,QUITO,PICHINCHA,0.40000,170178,0.07822,-78.38373
ALCHIPICHI,PUELLARO,QUITO,PICHINCHA,0.40000,170178,0.07822,-78.38373
PULULAHUA,CALACALI,QUITO,PICHINCHA,0.40000,170154,0.04591,-78.52385
CASPIGASI DEL CARMEN,SAN ANTONIO,QUITO,PICHINCHA,0.40000,170180,0.03421,-78.44555
CALACALI,CALACALI,QUITO,PICHINCHA,0.40000,170154,0.04591,-78.52385
OLMEDO,OLMEDO (PECILLO),CAYAMBE,PICHINCHA,0.40000,170253,0.07158,-77.98291
ATAHUALPA,ATAHUALPA (HABASPAMBA),QUITO,PICHINCHA,0.40000,170153,0.14860,-78.34245
SAN JOSE DE MINAS,SAN JOSE DE MINAS,QUITO,PICHINCHA,0.40000,170181,0.18921,-78.49030
SAN MIGUEL DE LOS BANCOS,SAN MIGUEL DE LOS BANCOS,SAN MIGUEL DE LOS BANCOS,PICHINCHA,0.40000,170750,-0.02813,-78.96346
NANEGALITO,NANEGALITO,QUITO,PICHINCHA,0.40000,170169,0.04722,-78.71451
AYORA,CAYAMBE,CAYAMBE,PICHINCHA,0.40000,170250,-0.03394,-78.04824
SANGOLQUI,SANGOLQUI,RUMIÑAHUI,PICHINCHA,0.40000,170550,-0.35501,-78.43608
PUERTO QUITO,PUERTO QUITO,PUERTO QUITO,PICHINCHA,0.40000,170950,0.15581,-79.23928
PEDRO VICENTE MALDONADO,PEDRO VICENTE MALDONADO,PEDRO VICENTE MALDONADO,PICHINCHA,0.40000,170850,0.14903,-79.05797
TUMBACO,TUMBACO,QUITO,PICHINCHA,0.40000,170184,-0.21987,-78.39483
PIFO,PIFO,QUITO,PICHINCHA,0.40000,170175,-0.28148,-78.26715
TAMBILLO,TAMBILLO,MEJIA,PICHINCHA,0.40000,170356,-0.41240,-78.55972
SANTA ROSA,CONOCOTO,QUITO,PICHINCHA,0.40000,170156,-0.28683,-78.48123
SAN RAFAEL,AMAGUAÑA,QUITO,PICHINCHA,0.40000,170152,-0.38193,-78.49093
CONOCOTO,CONOCOTO,QUITO,PICHINCHA,0.40000,170156,-0.28683,-78.48123
QUITO,POMASQUI,QUITO,PICHINCHA,0.40000,170177,-0.04842,-78.46030
ALANGASI,ALANGASI,QUITO,PICHINCHA,0.40000,170151,-0.29610,-78.42936
SAN PABLO,SANTA ELENA,SANTA ELENA,SANTA ELENA,0.50000,240150,-2.22113,-80.70813
ATAHUALPA,ATAHUALPA,SANTA ELENA,SANTA ELENA,0.50000,240151,-2.31918,-80.77259
SANTA ELENA,SANTA ELENA,SANTA ELENA,SANTA ELENA,0.50000,240150,-2.22113,-80.70813
SAN JOSE,MANGLARALTO,SANTA ELENA,SANTA ELENA,0.50000,240154,-1.79283,-80.69322
SAN JOSE,MANGLARALTO,SANTA ELENA,SANTA ELENA,0.50000,240154,-1.79283,-80.69322
LA CURIA,MANGLARALTO,SANTA ELENA,SANTA ELENA,0.50000,240154,-1.79283,-80.69322
OLON,MANGLARALTO,SANTA ELENA,SANTA ELENA,0.50000,240154,-1.79283,-80.69322
MONTAÑITA,MANGLARALTO,SANTA ELENA,SANTA ELENA,0.50000,240154,-1.79283,-80.69322
EL MAMEY,MANGLARALTO,SANTA ELENA,SANTA ELENA,0.50000,240154,-1.79283,-80.69322
FEBRES CORDERO,COLONCHE,SANTA ELENA,SANTA ELENA,0.50000,240152,-2.03132,-80.56549
BAMBIL CALLAO,COLONCHE,SANTA ELENA,SANTA ELENA,0.50000,240152,-2.03132,-80.56549
BARCELONA,COLONCHE,SANTA ELENA,SANTA ELENA,0.50000,240152,-2.03132,-80.56549
SAN PEDRO DE VALDIVIA,MANGLARALTO,SANTA ELENA,SANTA ELENA,0.50000,240154,-1.79283,-80.69322
AYANGUE,COLONCHE,SANTA ELENA,SANTA ELENA,0.50000,240152,-2.03132,-80.56549
SINCAL,MANGLARALTO,SANTA ELENA,SANTA ELENA,0.50000,240154,-1.79283,-80.69322
MANGLARALTO,MANGLARALTO,SANTA ELENA,SANTA ELENA,0.50000,240154,-1.79283,-80.69322
LA LIBERTAD,SALINAS,SALINAS,SANTA ELENA,0.50000,240350,-2.22026,-80.95982
SALINAS,SALINAS,SALINAS,SANTA ELENA,0.50000,240350,-2.22026,-80.95982
SANTA MARÍA DEL TOACHI,SANTA MARIA DEL TOACHI,SANTO DOMINGO,STO. DOMINGO DE LOS TSACHILAS,0.35000,230157,-0.58387,-79.23276
LUZ DE AMÉRICA,LUZ DE AMERICA,SANTO DOMINGO,STO. DOMINGO DE LOS TSACHILAS,0.40000,230153,-0.46291,-79.33881
PUERTO LIMÓN,PUERTO LIMON,SANTO DOMINGO,STO. DOMINGO DE LOS TSACHILAS,0.40000,230152,-0.35476,-79.35837
EL ESFUERZO,EL ESFUERZO,SANTO DOMINGO,STO. DOMINGO DE LOS TSACHILAS,0.40000,230156,-0.46182,-79.20689
SAN JACINTO DE BUA,SAN JACINTO DEL BUA,SANTO DOMINGO,STO. DOMINGO DE LOS TSACHILAS,0.40000,230154,-0.14708,-79.41731
VALLE HERMOSO,VALLE HERMOSO,SANTO DOMINGO,STO. DOMINGO DE LOS TSACHILAS,0.40000,230155,-0.06489,-79.24217
CRISTÓBAL COLÓN,VALLE HERMOSO,SANTO DOMINGO,STO. DOMINGO DE LOS TSACHILAS,0.40000,230155,-0.06489,-79.24217
NUEVO ISRAEL,STO. DOMINGO DE LOS COLORADOS,SANTO DOMINGO,STO. DOMINGO DE LOS TSACHILAS,0.40000,230150,-0.22565,-79.14450
LAS DELICIAS,STO. DOMINGO DE LOS COLORADOS,SANTO DOMINGO,STO. DOMINGO DE LOS TSACHILAS,0.40000,230150,-0.22565,-79.14450
LA AURORA,STO. DOMINGO DE LOS COLORADOS,SANTO DOMINGO,STO. DOMINGO DE LOS TSACHILAS,0.40000,230150,-0.22565,-79.14450
JULIO MORENO,STO. DOMINGO DE LOS COLORADOS,SANTO DOMINGO,STO. DOMINGO DE LOS TSACHILAS,0.40000,230150,-0.22565,-79.14450
UNIÓN CÍVICA POPULAR,STO. DOMINGO DE LOS COLORADOS,SANTO DOMINGO,STO. DOMINGO DE LOS TSACHILAS,0.40000,230150,-0.22565,-79.14450
SUSANITA,STO. DOMINGO DE LOS COLORADOS,SANTO DOMINGO,STO. DOMINGO DE LOS TSACHILAS,0.40000,230150,-0.22565,-79.14450
EULOGIO,STO. DOMINGO DE LOS COLORADOS,SANTO DOMINGO,STO. DOMINGO DE LOS TSACHILAS,0.40000,230150,-0.22565,-79.14450
SANTO DOMINGO DE LOS COLORADOS,STO. DOMINGO DE LOS COLORADOS,SANTO DOMINGO,STO. DOMINGO DE LOS TSACHILAS,0.40000,230150,-0.22565,-79.14450
SHUSHUFINDI,SHUSHUFINDI,SHUSHUFINDI,SUCUMBIOS,0.15000,210450,-0.15343,-76.62367
SIETE DE JULIO,SIETE DE JULIO,SHUSHUFINDI,SUCUMBIOS,0.15000,210455,-0.17524,-76.76325
EL ENO,EL ENO,LAGO AGRIO,SUCUMBIOS,0.15000,210155,-0.04468,-76.87175
AGUARICO,PACAYACU,LAGO AGRIO,SUCUMBIOS,0.15000,210156,0.11239,-76.49482
CHIRITZA,TARAPOA,CUYABENO,SUCUMBIOS,0.15000,210750,-0.19050,-76.25594
SAN PEDRO DE LOS COFANES,SAN PEDRO DE LOS COFANES,SHUSHUFINDI,SUCUMBIOS,0.15000,210454,-0.15178,-76.84045
JIVINO,SAN PEDRO DE LOS COFANES,SHUSHUFINDI,SUCUMBIOS,0.15000,210454,-0.15178,-76.84045
PUERTO EL CARMEN DEL PUTUMAYO,PUERTO EL CARMEN DEL PUTUMAYO,PUTUMAYO,SUCUMBIOS,0.15000,210350,0.02820,-75.83854
PUERTO AGUARICO,NUEVA LOJA,LAGO AGRIO,SUCUMBIOS,0.15000,210150,0.12620,-76.90807
SANTA CECILIA,SANTA CECILIA,LAGO AGRIO,SUCUMBIOS,0.15000,210158,0.07743,-76.98718
GENERAL FARFAN,GENERAL FARFAN,LAGO AGRIO,SUCUMBIOS,0.15000,210153,0.17967,-76.74369
SAN MIGUEL,GENERAL FARFAN,LAGO AGRIO,SUCUMBIOS,0.15000,210153,0.17967,-76.74369
NUEVA LOJA,NUEVA LOJA,LAGO AGRIO,SUCUMBIOS,0.15000,210150,0.12620,-76.90807
SANTA ROSA,NUEVA LOJA,LAGO AGRIO,SUCUMBIOS,0.15000,210150,0.12620,-76.90807
JAMBELI,JAMBELI,LAGO AGRIO,SUCUMBIOS,0.25000,210157,0.23330,-77.10307
SEVILLA,SEVILLA,CASCALES,SUCUMBIOS,0.25000,210652,0.09311,-77.14839
EL DORADO DE CASCALES,EL DORADO DE CASCALES,CASCALES,SUCUMBIOS,0.30000,210650,0.14989,-77.24590
EL DORADO DE CASCALES,LUMBAQUI,GONZALO PIZARRO,SUCUMBIOS,0.30000,210250,0.06603,-77.39843
COMUNA TAMBO LOMA,PILAGUIN (PILAHUIN),AMBATO,TUNGURAHUA,0.35000,180161,-1.34720,-78.83536
CORAZON DE JESUS,IZAMBA,AMBATO,TUNGURAHUA,0.40000,180156,-1.21750,-78.57258
URBANIZACION AEROPUERTO,IZAMBA,AMBATO,TUNGURAHUA,0.40000,180156,-1.21750,-78.57258
PILAHUIN,PILAGUIN (PILAHUIN),AMBATO,TUNGURAHUA,0.40000,180161,-1.34720,-78.83536
QUINSAPINCHA,QUISAPINCHA (QUIZAPINCHA),AMBATO,TUNGURAHUA,0.40000,180162,-1.19255,-78.71641
JUAN BENIGNO VELA,JUAN BENIGNO VELA,AMBATO,TUNGURAHUA,0.40000,180157,-1.33631,-78.72060
MARTINEZ,AUGUSTO N. MARTINEZ,AMBATO,TUNGURAHUA,0.40000,180153,-1.16723,-78.62956
SAN ISIDRO,PICAIGUA,AMBATO,TUNGURAHUA,0.40000,180160,-1.27698,-78.57842
TOTORAS,TOTORAS,AMBATO,TUNGURAHUA,0.40000,180166,-1.30816,-78.60620
AMBATILLO,AMBATILLO,AMBATO,TUNGURAHUA,0.40000,180151,-1.22048,-78.66165
ATAHUALPA,ATAHUALPA (CHISALATA),AMBATO,TUNGURAHUA,0.40000,180152,-1.20421,-78.60298
IZAMBA,IZAMBA,AMBATO,TUNGURAHUA,0.40000,180156,-1.21750,-78.57258
SAN MIGUELITO,SAN MIGUELITO,SANTIAGO DE PILLARO,TUNGURAHUA,0.40000,180857,-1.20346,-78.52729
HUACHI GRANDE,HUACHI GRANDE,AMBATO,TUNGURAHUA,0.40000,180155,-1.30843,-78.63923
SANTA ROSA,SANTA ROSA,AMBATO,TUNGURAHUA,0.40000,180165,-1.30215,-78.67610
AMBATO,AMBATO,AMBATO,TUNGURAHUA,0.40000,180150,-1.25730,-78.61416
PELILEO GRANDE,PELILEO,SAN PEDRO DE PELILEO,TUNGURAHUA,0.40000,180750,-1.34838,-78.52856
SAN ANTONIO DE PASA,PASA,AMBATO,TUNGURAHUA,0.40000,180159,-1.24080,-78.73838
SAN BARTOLOME DE PINLLOG,SAN BARTOLOME DE PINLLOG,AMBATO,TUNGURAHUA,0.40000,180163,-1.20687,-78.65288
PATATE,PATATE,PATATE,TUNGURAHUA,0.40000,180550,-1.33146,-78.47669
SAN FERNANDO,SAN FERNANDO,AMBATO,TUNGURAHUA,0.40000,180164,-1.22071,-78.80031
EMILIO M. TERAN,EMILIO MARIA TERAN (RUMIPAMBA),SANTIAGO DE PILLARO,TUNGURAHUA,0.40000,180852,-1.21178,-78.50114
MARCOS ESPINEL,MARCOS ESPINEL (CHACATA),SANTIAGO DE PILLARO,TUNGURAHUA,0.40000,180853,-1.15227,-78.42117
BAÑOS DE AGUA SANTA,BAÑOS DE AGUA SANTA,BAÑOS DE AGUA SANTA,TUNGURAHUA,0.40000,180250,-1.42510,-78.42519
ULBA,ULBA,BAÑOS DE AGUA SANTA,TUNGURAHUA,0.40000,180254,-1.38441,-78.37337
RIO VERDE,RIO VERDE,BAÑOS DE AGUA SANTA,TUNGURAHUA,0.40000,180253,-1.37355,-78.31986
GUAMBALÓ,GUAMBALO (HUAMBALO),SAN PEDRO DE PELILEO,TUNGURAHUA,0.40000,180757,-1.39744,-78.52714
TISALEO,TISALEO,TISALEO,TUNGURAHUA,0.40000,180950,-1.35042,-78.66779
CEVALLOS,CEVALLOS,CEVALLOS,TUNGURAHUA,0.40000,180350,-1.35031,-78.61251
QUERO,QUERO,QUERO,TUNGURAHUA,0.40000,180650,-1.43291,-78.58698
RUMIPAMBA,RUMIPAMBA,QUERO,TUNGURAHUA,0.40000,180651,-1.45235,-78.63419
COTALÓ,COTALO,SAN PEDRO DE PELILEO,TUNGURAHUA,0.40000,180753,-1.43855,-78.50601
SAN ANDRÉS,SAN ANDRES,SANTIAGO DE PILLARO,TUNGURAHUA,0.40000,180855,-1.09705,-78.53572
CUNCHIBAMBA,CUNCHIBAMBA,AMBATO,TUNGURAHUA,0.40000,180167,-1.13265,-78.59374
SAN JOSÉ DE POALÓ,SAN JOSE DE POALO,SANTIAGO DE PILLARO,TUNGURAHUA,0.40000,180856,-1.07104,-78.40349
EL TRIUNFO,EL TRIUNFO,PATATE,TUNGURAHUA,0.40000,180551,-1.31144,-78.41134
SUCRE,LOS ANDES (CAB EN POATUG),PATATE,TUNGURAHUA,0.40000,180552,-1.24739,-78.48736
MOCHA,MOCHA,MOCHA,TUNGURAHUA,0.40000,180450,-1.41896,-78.69855
PELILEO,PELILEO,SAN PEDRO DE PELILEO,TUNGURAHUA,0.40000,180750,-1.34838,-78.52856
PILLARO,PILLARO,SANTIAGO DE PILLARO,TUNGURAHUA,0.40000,180850,-1.15493,-78.51120
GUAYZIMI,GUAYZIMI,NANGARITZA,ZAMORA CHINCHIPE,0.30000,190350,-4.07000,-78.67653
YANTZAZA,YANTZAZA (YANZATZA),YANTZAZA,ZAMORA CHINCHIPE,0.30000,190550,-3.77601,-78.77145
ZUMBA,ZUMBA,CHINCHIPE,ZAMORA CHINCHIPE,0.25000,190250,-4.85131,-79.18251
ZAMORA,ZAMORA,ZAMORA,ZAMORA CHINCHIPE,0.25000,190150,-4.15813,-79.00190
ZAMORA,ZAMORA,ZAMORA,ZAMORA CHINCHIPE,0.25000,190150,-4.15813,-79.00190
LAS GOLONDRINAS,LAS GOLONDRINAS,LAS GOLONDRINAS,ZONA NO DELIMITADA,0.50000,900151,0.31861,-79.07295
SANTA MARÍA,MANGA DEL CURA,MANGA DEL CURA,ZONA NO DELIMITADA,0.40000,900351,-0.67983,-79.59222
SANTA TERESA,MANGA DEL CURA,MANGA DEL CURA,ZONA NO DELIMITADA,0.40000,900351,-0.67983,-79.59222
